Timestamp_ms,Raw_ECG
0,29319
11,29751
21,31207
32,30951
42,30999
53,30615
63,32167
73,32311
84,33464
94,33816
105,32087
115,31063
125,29991
135,30887
146,29607
156,29927
167,30231
177,30855
187,31111
197,30727
207,32295
218,42586
228,54429
239,24614
249,18948
260,33576
270,33144
280,31159
291,32984
301,33224
312,33512
322,33960
332,34104
343,34520
353,34712
364,35864
374,36232
384,36584
395,37449
405,38457
416,39721
426,42906
436,40793
447,39577
457,42042
468,40489
478,37577
488,34056
499,31879
509,32519
520,27942
566,29863
577,29607
587,31831
598,28759
608,28775
618,29639
629,30279
639,31063
650,32199
660,37033
671,31047
681,32439
692,30391
702,31063
712,29591
723,29351
733,29031
744,29271
754,29975
765,30663
775,30599
785,29239
796,32311
806,40873
816,53020
827,28342
837,15891
848,32567
858,33224
868,32776
879,34056
889,33816
900,34152
910,33752
921,33128
931,34696
941,34856
952,36744
962,37033
973,37401
983,37033
993,37641
1004,39577
1014,40681
1025,41706
1035,42922
1045,41818
1056,41162
1066,38681
1077,35080
1090,31799
1100,30551
1111,28406
1121,28919
1132,28743
1142,29367
1152,29607
1163,30535
1173,30263
1184,30919
1194,30503
1204,31223
1215,31127
1225,32215
1236,31879
1246,33384
1256,33560
1267,32888
1277,31383
1288,30423
1298,30487
1308,29703
1319,29719
1329,30551
1340,30727
1350,30391
1360,31175
1371,30935
1381,38729
1392,52412
1402,38457
1412,14131
1423,31495
1433,33960
1444,33064
1454,32535
1464,34472
1475,33224
1485,33656
1496,34632
1506,33848
1516,34568
1527,36088
1537,36248
1548,36328
1558,38041
1568,38185
1579,40089
1589,40809
1600,40841
1610,42346
1620,42954
1631,40473
1641,38505
1652,34584
1662,31671
1672,30375
1683,29879
1693,29335
1704,28807
1714,28839
1724,29063
1735,29863
1745,31015
1756,30647
1766,30455
1776,31207
1787,30279
1797,31303
1808,31863
1818,30999
1828,32023
1839,33128
1849,33896
1860,34264
1870,32856
1880,31959
1891,30567
1901,30471
1912,29847
1922,29959
1932,30695
1943,30935
1953,30951
1964,31319
1974,32840
1984,43594
1995,54461
2005,21045
2016,21941
2026,33800
2036,32423
2047,33224
2060,33320
2071,34152
2081,34072
2092,33800
2102,34008
2112,35128
2123,35496
2134,36312
2144,36856
2155,37545
2165,38665
2176,39289
2186,40809
2196,40953
2207,41642
2217,42218
2228,42266
2238,40041
2248,35928
2259,33032
2269,30391
2280,29351
2290,29143
2300,28871
2311,29831
2321,29159
2332,29719
2342,30119
2352,29831
2363,30935
2373,30359
2384,30215
2394,31031
2404,30679
2415,31111
2425,32279
2436,33288
2446,33112
2456,33448
2467,31431
2477,30743
2487,29447
2498,29383
2508,29175
2519,29895
2529,29319
2539,29799
2549,30599
2559,29399
2570,37193
2580,52844
2591,37081
2601,12931
2611,30439
2622,33032
2632,31927
2643,32071
2653,32663
2663,32503
2673,32663
2684,33800
2694,33512
2705,33592
2715,34504
2725,34904
2735,35992
2745,36488
2756,38121
2766,37897
2777,39001
2787,40233
2798,40489
2808,40329
2818,40745
2829,37193
2839,33768
2850,31735
2860,28967
2870,28566
2881,27958
2891,28086
2902,28134
2912,28294
2922,28727
2933,28695
2943,29319
2954,29015
2964,29783
2974,29575
2985,30663
2995,30903
3006,31319
3016,32840
3029,33240
3040,31767
3050,31783
3061,28951
3072,28438
3082,29671
3093,29143
3103,29959
3113,29511
3123,29671
3133,30135
3144,29831
3154,38921
3165,52060
3175,31223
3185,14259
3196,32183
3206,32439
3217,31943
3227,32263
3237,33080
3248,32936
3258,32984
3269,33432
3279,34136
3289,34888
3300,34520
3310,35528
3321,36856
3331,36824
3341,38345
3352,39177
3362,39977
3373,40073
3383,40970
3393,41866
3404,40953
3414,37065
3425,33160
3435,31367
3445,29671
3456,28871
3466,28646
3477,28022
3487,29527
3497,28919
3508,28630
3518,29639
3529,30151
3539,29639
3549,30103
3560,30423
3570,31079
3581,30407
3591,33080
3601,30791
3612,32407
3622,33304
3632,33000
3643,31303
3653,29927
3664,30775
3674,29591
3684,29399
3694,30151
3704,30311
3715,29655
3725,30391
3735,31783
3746,40777
3756,53261
3767,27014
3777,17348
3787,33368
3798,33256
3808,33096
3819,33000
3829,33880
3839,33256
3850,33592
3860,34200
3871,34952
3881,35432
3891,35688
3902,36008
3912,37225
3923,37433
3933,37977
3944,40281
3954,40633
3964,40633
3975,41690
3985,41882
4025,32055
4036,30343
4046,29751
4057,28807
4067,29383
4078,29511
4088,29223
4098,29703
4109,29911
4119,30119
4130,30967
4140,31191
4150,30599
4161,32103
4171,30103
4182,30295
4192,31207
4202,32215
4213,32679
4223,33768
4234,34040
4244,32952
4254,32103
4265,29111
4275,29671
4285,30039
4295,30183
4305,30871
4316,30631
4326,31111
4337,30023
4347,33784
4357,45067
4368,50460
4378,15939
4389,24646
4399,33704
4409,33416
4420,32872
4430,33544
4441,33608
4451,33816
4461,34472
4472,34472
4482,34632
4493,35848
4503,36360
4513,36312
4524,37225
4534,37993
4545,39065
4555,40169
4565,41018
4576,42170
4586,41418
4597,42138
4607,40745
4617,36856
4628,33112
4638,31191
4649,29479
4659,29863
4669,28983
4680,29031
4690,29511
4701,30423
4711,29863
4721,30295
4732,29959
4742,30807
4753,30695
4763,30823
4773,31431
4784,31127
4794,30999
4805,31127
4815,30855
4825,31975
4836,32439
4846,34088
4857,33880
4867,34040
4877,32087
4888,30167
4898,30119
4909,30439
4919,30119
4929,30119
4940,30375
4950,31783
4961,31447
4971,32695
4981,43066
4994,49628
5004,14643
5015,26470
5025,34168
5036,33048
5046,33208
5057,34184
5067,33672
5078,34328
5088,34520
5099,35176
5109,35560
5120,35752
5130,35800
5140,36488
5151,36969
5161,38281
5172,39497
5182,40777
5192,40425
5202,41498
5213,42186
5223,41834
5234,40649
5244,36248
5255,34312
5265,30775
5275,30343
5286,29095
5296,28919
5307,29479
5317,29191
5328,29831
5338,30471
5348,30263
5359,30791
5369,30167
5380,30359
5390,30935
5400,30551
5411,30663
5421,30679
5432,31271
5442,31047
5452,31767
5463,32824
5473,33848
5484,33880
5494,32103
5504,30343
5515,30055
5525,30727
5535,29479
5546,30423
5556,30423
5567,29975
5577,30791
5587,31207
5597,36921
5607,49852
5618,38281
5628,13843
5639,30375
5649,33336
5659,32615
5670,35016
5680,34024
5691,32920
5701,33880
5711,34712
5722,34712
5732,34472
5743,35336
5753,36520
5763,37593
5774,37625
5784,38953
5795,39065
5805,40777
5815,40953
5826,41434
5836,41706
5847,41962
5857,38745
5867,35624
5878,32487
5888,30791
5899,29063
5909,29143
5919,29079
5930,29079
5940,29607
5951,30151
5964,29591
5975,30151
5985,31239
5995,29783
6006,30231
6017,30263
6027,30247
6038,30263
6048,30775
6059,31063
6069,31591
6079,32727
6090,33352
6100,33624
6111,33176
6121,31319
6131,31175
6141,29591
6152,28759
6162,30855
6173,30903
6183,28582
6193,30743
6203,29975
6213,32535
6224,45291
6234,49804
6244,15939
6254,22005
6264,33400
6275,33064
6285,33208
6296,32439
6306,33512
6316,34248
6327,34568
6337,34392
6348,34696
6358,35032
6368,35736
6379,35592
6389,36776
6400,38217
6410,38921
6421,40041
6431,40713
6441,41722
6452,41114
6462,41146
6473,40745
6483,37001
6493,34360
6504,31303
6514,29495
6525,29255
6535,28743
6545,28695
6555,28470
6566,29783
6576,29943
6587,29767
6597,30839
6608,30055
6618,30183
6628,30743
6639,31015
6649,30871
6660,32007
6670,32631
6681,33800
6691,33416
6701,33768
6712,31767
6722,29847
6733,29959
6743,29527
6753,29591
6764,30231
6774,30919
6785,30807
6795,30311
6805,32631
6816,43866
6826,52204
6837,17556
6847,20933
6857,33784
6868,33032
6878,33000
6889,33112
6899,33224
6909,33704
6920,33944
6933,34216
6944,34824
6955,35272
6965,35384
6976,36520
6986,36937
6996,37593
7006,39401
7016,39657
7027,40201
7037,40665
7048,41466
7058,40873
7068,39241
7079,34104
7089,32007
7100,30167
7110,28502
7120,27958
7131,27622
7141,27462
7152,27798
7162,28727
7172,28871
7183,29079
7193,28711
7204,28454
7214,29031
7224,30583
7235,30391
7245,28903
7256,29975
7266,30503
7276,32359
7287,32583
7297,31383
7308,29959
7318,28855
7328,27302
7339,28102
7349,28390
7360,27878
7370,28823
7380,29783
7391,28951
7401,35272
7412,48987
7422,38233
7432,10066
7443,29543
7453,32776
7464,31927
7474,31063
7484,31159
7495,32087
7505,32263
7516,32007
7526,34008
7536,33064
7547,34792
7557,34520
7568,34040
7578,36344
7588,36760
7598,38601
7609,38249
7619,39593
7630,40489
7640,40729
7651,41178
7661,37449
7671,32920
7682,30311
7692,28999
7702,28134
7712,27478
7722,27782
7733,27222
7743,28438
7754,28823
7764,28727
7774,29223
7785,29639
7795,29479
7806,28967
7816,29783
7827,29767
7837,29799
7847,30631
7858,30823
7868,32071
7879,33624
7889,32519
7928,29063
7939,30055
7949,29255
7960,29559
7970,30199
7981,30375
7991,30183
8001,31319
8011,42474
8022,52460
8032,18916
8043,20757
8053,34632
8064,32984
8074,32583
8084,33544
8095,33240
8105,33320
8116,34136
8126,35000
8136,35608
8147,35816
8157,37081
8168,34728
8178,37849
8188,37801
8199,38921
8209,41082
8220,40601
8230,41098
8240,41930
8251,42602
8261,40073
8272,37401
8282,33736
8292,31383
8303,29879
8313,29527
8324,29831
8334,28727
8344,29527
8355,30487
8365,30087
8376,30135
8386,30167
8396,31655
8407,30759
8417,30615
8428,30951
8438,31143
8448,31271
8459,31223
8469,31543
8480,29799
8490,31559
8500,31911
8511,32423
8521,33368
8532,34392
8542,34472
8552,32872
8562,31847
8572,30487
8582,30007
8593,30567
8603,31495
8614,30743
8624,30855
8634,31095
8645,31063
8655,39161
8666,52572
8676,30343
8686,16227
8697,33064
8707,33848
8718,33880
8728,34216
8738,33464
8749,34120
8759,34152
8770,34696
8780,35864
8791,35336
8801,36392
8811,36873
8822,37257
8832,37657
8843,38345
8853,39961
8863,40857
8873,41498
8883,42090
8896,41530
8907,40953
8917,38233
8928,34712
8938,32327
8949,29975
8959,30055
8969,28614
8980,28662
8990,29143
9000,29639
9011,30503
9021,29671
9032,30119
9042,30855
9052,30807
9063,30663
9073,30791
9084,30775
9094,30551
9104,30807
9115,30727
9125,30791
9136,31559
9146,32872
9156,33848
9167,34408
9177,33256
9188,30567
9198,29367
9209,29927
9219,30023
9229,29623
9240,30487
9250,30199
9261,31559
9271,30615
9281,36744
9292,49932
9302,40217
9313,11378
9323,30583
9333,33688
9344,33368
9354,33448
9365,33656
9375,34568
9385,34184
9395,34840
9406,34872
9416,35848
9427,35432
9437,36552
9448,36552
9458,37273
9468,39097
9479,39945
9489,40713
9500,41626
9510,41498
9521,42602
9531,41642
9541,38937
9552,35608
9562,32455
9573,30839
9583,29927
9593,29463
9604,28727
9614,28951
9625,29383
9635,30183
9645,30279
9656,29911
9666,30535
9677,31879
9687,30407
9697,30903
9708,31191
9718,31159
9729,31191
9739,31575
9749,31639
9760,32647
9770,34184
9781,33976
9791,34248
9801,32135
9812,30567
9822,30471
9833,29879
9843,30119
9853,31383
9867,30887
9877,31079
9888,31047
9899,34152
9909,47275
9920,47915
9930,12931
9940,27846
9951,34184
9961,33592
9972,33480
9982,34072
9993,34616
10003,34056
10013,34424
10024,35064
10034,36424
10045,35272
10055,36408
10065,36953
10076,37369
10086,38233
10097,40569
10107,40777
10117,40905
10128,41482
10138,41914
10149,41626
10159,40025
10169,36104
10180,34200
10190,30487
10201,29911
10211,28342
10221,28134
10232,29143
10242,28967
10253,29511
10263,29927
10273,30039
10284,30135
10294,30519
10305,30887
10315,30359
10325,30759
10336,30935
10346,30983
10357,30103
10367,30727
10377,30807
10388,31079
10398,30791
10409,30727
10419,31975
10429,32359
10440,33944
10450,34280
10461,33352
10471,33240
10481,31239
10492,30535
10502,31175
10513,30807
10523,30999
10533,31703
10544,31319
10554,31191
10565,31527
10575,37721
10585,52332
10596,35368
10606,16580
10617,33160
10627,34024
10637,33816
10648,33976
10658,34728
10669,34408
10679,34712
10689,35144
10700,35512
10710,35528
10721,36296
10731,36921
10741,37129
10751,38217
10765,39593
10775,40297
10786,40489
10796,41290
10807,42298
10817,42714
10828,41674
10838,38825
10848,35336
10858,32663
10869,30567
10879,29863
10890,28711
10900,29319
10910,29655
10920,29831
10930,30151
10941,30599
10951,30391
10962,29623
10972,30903
10982,30407
10993,31287
11003,31367
11014,31207
11024,31927
11034,30791
11044,31111
11054,31767
11065,30407
11075,32135
11086,30743
11096,31767
11106,31975
11117,33608
11127,34008
11138,34328
11148,32471
11158,31047
11169,30423
11179,30935
11190,31175
11200,31495
11210,30407
11221,31111
11231,31031
11242,31463
11252,38089
11262,51740
11273,29959
11283,17492
11294,31639
11304,33640
11314,34072
11325,34232
11335,33176
11346,33832
11356,34280
11366,34840
11377,35496
11387,35160
11398,36072
11408,36616
11418,36969
11429,37833
11439,38985
11450,38761
11460,41258
11470,39913
11481,41130
11491,41770
11502,40601
11512,38825
11522,35256
11533,32968
11543,30375
11554,29495
11564,28230
11574,28134
11585,29287
11595,29127
11606,30039
11616,29847
11626,30135
11637,30999
11647,29111
11689,31015
11700,31767
11710,30663
11721,31447
11731,31655
11742,33496
11752,33992
11762,33480
11773,33336
11783,30679
11794,29495
11804,30135
11814,30407
11824,30247
11835,30503
11845,30247
11856,30167
11866,30343
11877,36376
11887,49436
11897,40025
11908,12803
11918,28967
11929,33576
11939,32551
11950,33416
11960,33624
11970,33768
11981,34248
11991,34376
12002,35048
12012,35352
12022,35352
12033,36376
12043,36744
12054,37545
12064,39225
12074,39849
12085,40249
12095,41194
12106,41482
12116,42378
12126,41354
12137,39001
12147,34872
12158,32487
12168,30631
12178,30311
12189,28566
12199,28102
12210,29015
12220,28695
12230,28999
12241,30359
12251,29879
12262,29639
12272,30999
12282,30423
12293,30887
12303,31031
12314,31271
12324,31015
12334,31079
12345,31815
12355,31783
12366,32695
12376,34152
12386,33448
12397,32936
12407,31591
12418,29767
12428,30775
12438,30455
12449,29783
12459,29975
12470,30535
12480,30695
12490,31175
12501,36584
12511,50476
12522,44666
12532,12098
12542,28342
12553,33816
12563,32872
12576,33288
12587,33384
12598,34264
12608,33864
12618,34312
12629,34648
12640,35016
12650,35672
12661,37209
12671,36728
12682,37721
12692,38297
12702,40265
12713,40425
12723,42074
12734,42266
12744,41274
12754,40953
12765,37273
12775,33816
12786,31367
12796,29975
12806,28486
12817,29351
12827,28246
12838,29479
12848,28662
12858,29095
12869,28438
12879,30071
12890,29895
12900,29831
12910,30487
12921,30247
12931,30647
12942,30727
12952,30007
12962,30103
12973,30855
12983,30695
12994,31447
13004,31527
13014,31543
13025,31671
13035,32599
13046,33704
13056,33304
13066,31287
13077,29655
13087,29639
13098,29751
13108,31175
13118,29415
13129,29895
13139,30743
13150,29799
13160,34472
13170,48299
13181,50700
13191,13635
13201,25206
13212,33944
13222,32215
13233,33336
13243,33496
13254,33608
13264,33272
13274,34392
13285,34072
13295,35240
13306,34984
13316,35544
13326,36120
13337,37417
13347,38089
13358,38825
13368,40377
13378,40873
13389,41258
13399,41482
13410,41610
13420,39753
13430,36568
13441,32631
13451,31047
13464,29047
13476,28198
13486,28695
13497,28566
13507,28871
13517,28630
13527,29495
13537,29863
13548,29319
13558,30119
13569,30615
13579,31047
13589,30247
13600,30119
13610,30791
13621,30663
13631,30807
13641,30343
13652,30471
13662,31063
13673,31287
13683,30903
13693,30871
13704,31127
13714,32151
13725,33192
13735,34136
13745,34216
13756,33576
13766,32167
13777,29527
13787,30375
13797,30647
13807,30759
13818,30823
13828,31159
13839,31687
13849,31079
13859,35768
13869,50140
13879,49852
13890,12979
13900,26854
13910,34728
13921,33048
13931,33752
13942,33928
13952,34136
13963,34600
13973,34616
13983,35016
13994,35672
14004,34760
14015,35624
14025,37001
14035,37817
14046,39465
14056,40617
14067,39753
14077,39689
14087,41818
14098,42186
14108,41786
14119,39593
14129,36488
14140,33160
14150,31495
14160,30039
14171,28759
14181,28951
14192,29095
14202,28006
14212,28871
14223,28935
14233,29959
14244,29911
14254,30391
14264,30343
14275,30167
14285,31159
14296,31399
14306,31543
14316,31143
14327,30455
14337,30967
14350,31527
14361,30743
14372,31383
14382,31639
14392,30599
14403,32071
14414,30407
14424,31111
14435,31415
14445,32359
14455,31543
14465,32872
14475,33800
14486,34376
14496,34536
14507,33608
14517,32263
14527,30967
14538,30791
14548,30823
14559,31623
14569,31447
14579,31911
14590,32327
14600,30919
14611,40105
14621,54333
14631,35416
14642,16099
14652,31751
14663,33736
14673,34104
14683,33800
14694,33704
14704,35144
14715,34776
14725,34696
14735,34408
14745,34856
14755,36120
14765,36536
14776,37529
14786,37513
14797,38761
14807,39561
14817,40345
14828,40921
14838,41754
14849,40986
14859,42634
14869,39705
14880,36360
14890,33176
14901,31367
14911,30103
14921,29319
14931,28887
14941,28390
14952,28566
14962,28679
14972,28983
14982,30039
14992,29671
15003,30343
15013,30167
15024,30855
15034,30935
15044,31239
15055,30007
15065,30807
15076,31159
15086,30551
15096,31063
15107,30935
15117,31303
15128,31623
15138,32792
15148,32199
15159,33896
15169,34008
15180,33848
15190,31399
15200,31287
15211,31287
15221,30663
15232,30375
15274,30775
15284,35080
15294,49051
15304,50220
15315,14419
15325,26742
15336,34264
15346,33464
15356,33496
15367,33336
15378,33928
15388,34184
15398,34952
15408,34728
15418,35288
15429,35832
15439,35800
15450,36440
15460,37801
15470,38313
15481,39593
15491,40265
15502,41418
15512,42330
15523,41898
15533,42890
15543,39993
15554,37033
15564,33496
15575,30887
15585,29447
15595,29063
15606,28839
15616,28951
15626,29143
15637,29591
15647,28310
15658,29735
15668,30263
15678,30167
15689,30471
15699,30887
15710,30775
15720,30103
15731,31367
15741,30471
15751,31143
15762,31335
15772,30679
15783,31863
15793,30999
15803,30423
15814,31159
15824,31319
15835,32599
15845,33592
15855,34840
15866,34456
15876,32583
15887,31703
15897,30679
15907,30759
15918,31559
15928,30791
15939,30439
15949,31367
15959,30983
15970,30631
15980,37401
15991,52508
16001,41018
16011,13747
16022,31271
16032,33080
16043,33000
16053,33768
16063,33416
16074,33512
16084,33960
16095,34888
16105,34872
16115,35672
16126,35128
16136,35736
16149,37353
16160,37785
16171,39017
16181,38969
16191,40633
16202,41658
16213,42378
16223,42282
16234,41258
16244,37353
16255,33688
16265,32103
16275,29751
16286,29143
16296,28903
16307,28791
16317,27830
16327,29127
16338,28614
16348,29511
16359,29271
16369,29959
16379,30791
16390,30023
16400,30343
16411,29991
16421,30727
16431,31127
16442,29879
16452,30887
16463,30503
16473,30279
16483,31111
16494,32039
16504,32471
16515,33688
16525,34824
16535,31991
16545,30359
16556,30023
16566,30199
16577,30615
16587,31239
16597,30423
16608,31063
16618,31127
16629,30631
16639,36168
16649,50204
16660,43226
16670,12435
16681,31271
16691,34488
16702,32840
16712,33512
16722,33928
16733,33928
16743,34440
16754,33864
16764,35240
16775,35528
16785,35848
16795,35864
16806,36664
16816,37977
16827,39561
16837,40217
16847,40873
16857,42026
16868,41658
16878,42714
16889,42218
16899,39561
16910,35336
16920,32455
16930,31335
16941,29831
16951,28727
16961,28262
16971,28486
16981,29543
16992,28951
17002,29991
17013,29767
17023,30055
17036,30695
17047,30343
17057,30167
17067,31175
17077,31399
17087,30871
17098,31559
17108,31127
17119,30631
17129,31159
17139,31319
17150,32103
17160,33224
17171,34216
17181,33560
17192,33096
17202,31783
17212,30391
17223,30519
17233,31047
17244,29863
17254,30423
17264,31079
17274,30615
17285,31319
17295,38073
17306,53020
17316,37513
17326,12258
17336,31015
17346,33672
17357,33144
17367,33544
17377,33944
17387,33256
17397,34472
17408,34904
17418,35128
17429,35240
17439,35928
17449,37481
17460,36856
17470,36873
17481,38665
17491,40105
17502,41434
17512,40953
17522,42090
17533,43242
17543,42746
17554,39945
17564,35656
17574,33208
17585,30119
17595,29447
17606,29223
17616,29287
17626,28807
17637,28871
17647,30455
17658,29383
17668,29975
17678,30311
17689,30295
17699,30375
17710,31127
17720,31639
17730,30807
17741,30455
17751,31623
17762,31431
17772,30871
17782,31607
17793,30455
17803,32343
17814,32711
17824,34232
17834,34648
17845,33432
17855,31495
17866,30855
17876,30535
17886,30199
17897,30599
17907,30295
17918,31111
17931,31015
17942,30823
17952,38553
17962,51772
17973,37065
17984,13283
17994,32808
18005,33736
18015,33272
18026,33112
18036,34584
18046,33640
18057,34360
18067,34104
18078,34664
18088,35480
18098,35656
18109,36824
18119,36921
18130,37001
18140,38601
18150,40665
18161,40953
18171,41434
18182,42698
18192,42874
18202,40329
18213,38409
18223,35384
18234,31671
18244,29831
18254,30535
18265,28598
18275,28743
18286,28550
18296,29223
18306,30071
18316,29543
18327,29015
18337,30647
18348,29879
18358,30119
18368,30807
18379,30647
18389,31591
18400,30439
18410,31255
18420,30119
18430,31495
18440,31271
18451,32167
18461,33544
18472,34488
18482,33448
18492,32679
18503,31463
18513,30023
18524,30423
18534,30615
18545,30535
18555,30359
18565,31191
18576,31095
18586,31239
18597,38409
18607,51420
18617,36520
18628,12755
18638,31655
18649,34200
18659,33048
18669,33976
18680,34248
18690,33784
18701,34856
18711,33992
18721,34632
18732,35976
18742,35864
18753,35752
18763,37593
18773,37673
18784,38793
18794,39705
18805,40953
18850,40537
18860,36536
18871,33800
18881,31719
18892,28951
18902,29175
18912,28679
18923,28518
18933,28951
18944,30023
18954,28630
18964,29255
18975,30599
18985,30055
18996,30519
19006,30471
19016,30743
19027,30631
19037,30903
19048,30423
19058,30631
19068,30967
19079,30999
19089,31383
19100,31127
19110,32631
19120,32231
19131,33208
19141,33896
19152,33800
19162,31767
19172,30775
19183,30407
19193,30743
19204,29383
19214,31079
19224,30695
19235,30743
19245,30247
19256,35400
19266,47403
19276,49051
19287,12451
19297,27542
19308,34008
19318,32711
19328,33880
19339,33288
19349,33800
19360,34824
19370,34456
19380,35592
19391,34824
19401,36456
19412,35864
19422,36616
19432,36760
19443,37465
19453,39513
19464,40553
19474,41610
19484,41962
19495,42426
19505,42570
19515,39609
19526,37161
19536,32679
19547,30199
19557,29831
19568,28390
19578,29287
19588,28983
19599,28390
19609,28807
19620,29511
19630,29943
19640,30855
19651,29735
19661,30007
19672,30359
19682,30727
19692,30807
19703,30807
19713,30775
19724,31079
19737,30887
19748,31719
19758,30535
19768,30679
19779,31383
19790,32151
19800,33096
19811,34264
19821,34280
19831,33048
19841,31879
19851,29751
19862,30663
19872,31143
19883,30135
19893,30919
19903,31303
19914,31335
19924,31191
19935,34744
19945,49420
19955,47019
19966,11602
19976,29015
19987,34024
19997,33480
20007,34008
20018,33912
20028,33880
20039,34184
20049,34184
20059,34728
20070,35384
20080,36392
20091,35928
20101,36200
20111,38073
20122,37849
20132,39577
20143,40153
20153,41690
20163,41738
20174,42042
20184,42346
20195,40393
20205,35160
20215,31831
20226,30487
20236,29895
20247,28759
20257,29223
20267,28791
20278,28743
20288,28438
20299,29959
20309,29479
20319,29671
20330,30807
20340,29863
20351,30695
20361,31239
20371,30647
20382,30503
20392,31143
20403,31271
20413,31671
20423,29975
20434,31175
20444,31527
20455,31879
20465,32455
20475,35368
20486,33880
20496,32776
20507,31031
20517,30679
20527,31431
20538,29895
20548,29895
20559,31687
20569,31047
20579,30903
20590,32199
20600,36744
20611,51516
20624,25110
20634,17796
20645,34776
20655,33160
20666,33176
20676,33608
20686,34088
20697,34920
20707,33256
20718,34536
20728,34856
20738,36040
20749,36056
20759,36488
20770,37049
20780,37689
20790,38857
20801,40185
20811,41370
20822,40537
20832,41946
20842,42666
20853,41098
20863,37577
20874,33432
20884,30631
20894,29863
20905,28903
20915,28102
20926,28759
20936,28294
20946,28775
20957,29831
20967,28887
20977,29207
20988,30343
20998,29367
21009,30295
21019,30119
21030,30615
21040,30775
21050,30103
21061,30647
21071,30295
21082,30343
21092,30599
21102,29895
21113,31159
21123,32311
21134,33368
21144,33288
21154,33208
21165,30727
21175,29799
21186,29399
21196,29015
21206,30039
21217,29927
21227,30135
21238,30231
21248,30087
21258,35000
21269,48187
21279,45195
21294,16916
21305,33928
21315,32471
21325,32647
21336,32968
21346,33192
21357,34136
21367,33480
21378,34584
21388,34664
21399,34584
21409,35784
21419,35496
21430,36712
21440,38169
21451,38313
21461,40105
21471,40377
21482,41450
21492,41194
21503,41818
21513,40793
21526,36536
21537,32920
21547,30775
21558,29927
21569,28486
21579,28502
21590,29511
21600,28662
21611,29479
21621,29703
21631,29831
21642,29479
21652,30119
21663,31031
21673,31303
21683,30503
21694,30551
21704,31063
21715,30951
21725,31159
21735,31239
21746,31271
21756,31143
21767,30887
21777,31911
21787,32647
21798,33768
21808,34456
21819,33432
21829,32215
21839,30631
21850,29911
21860,30647
21871,31015
21881,30727
21891,30935
21902,30423
21912,30567
21923,35000
21933,48763
21943,47819
21954,13091
21964,27718
21975,34536
21985,33368
21995,33256
22006,33416
22016,33752
22027,34392
22037,35208
22047,34888
22058,35944
22068,36296
22079,38089
22089,37913
22099,36905
22110,37289
22120,40153
22131,40857
22141,41530
22151,42922
22162,42970
22172,41802
22183,40137
22193,36520
22203,32776
22214,30871
22224,30775
22235,29111
22245,29239
22255,28182
22266,29255
22276,29847
22287,29543
22297,30855
22307,29799
22317,30199
22328,30551
22338,30935
22349,31495
22359,31031
22369,30391
22379,31175
22389,31191
22400,31815
22441,32551
22452,34408
22463,34584
22473,33560
22483,31623
22493,31255
22503,29879
22514,30359
22524,30647
22535,31287
22545,31047
22556,30871
22566,30695
22577,34504
22587,48843
22597,46027
22608,12178
22618,28775
22629,33624
22639,33368
22649,33288
22660,34296
22670,34232
22681,34232
22691,34792
22701,35656
22712,35080
22722,36280
22733,35976
22743,36200
22753,37433
22764,39129
22774,39049
22785,41114
22795,41162
22805,41706
22816,42650
22826,43018
22837,38969
22847,35080
22857,32071
22868,30151
22878,29463
22889,28839
22899,28935
22909,28374
22920,29095
22930,28871
22941,29207
22951,29223
22961,29703
22972,30103
22982,30215
22993,31191
23003,30519
23013,31511
23024,29527
23034,31463
23045,31319
23055,30247
23065,31799
23076,32936
23086,34120
23097,34200
23107,31287
23117,30951
23128,30343
23138,30423
23149,29591
23159,29335
23169,30551
23180,29831
23190,30679
23201,29847
23211,35528
23221,48475
23232,44762
23242,11970
23253,27414
23263,34200
23273,33208
23284,33816
23294,33512
23305,33800
23315,32615
23328,34296
23339,35176
23349,35656
23360,36392
23371,36648
23381,37353
23392,37081
23402,38569
23413,39961
23423,41290
23433,42042
23444,42666
23454,42282
23465,40169
23475,36648
23485,33896
23495,31111
23506,30151
23516,29431
23527,29287
23537,28374
23547,28310
23557,28486
23567,29127
23578,29783
23588,30087
23599,30391
23609,32151
23620,28743
23630,30407
23640,30999
23651,30935
23661,30487
23672,31415
23682,30695
23692,30823
23703,31159
23713,32231
23724,32567
23734,33736
23744,33240
23755,34296
23765,32503
23776,30567
23786,30855
23796,30183
23807,30231
23817,31591
23827,30375
23838,29943
23848,30663
23859,31207
23869,39657
23879,52412
23889,35336
23899,14275
23910,31815
23920,33896
23931,33032
23941,33672
23951,33880
23962,33368
23972,33752
23983,35352
23993,35496
24003,35416
24014,35096
24024,36024
24035,37257
24045,38633
24055,38313
24066,40201
24076,40809
24087,42458
24097,42554
24107,41578
24118,41018
24128,38713
24139,34888
24149,31815
24159,30423
24170,29815
24180,29223
24191,28406
24201,28486
24214,29015
24225,29639
24235,29223
24246,29527
24256,31047
24267,30263
24277,30295
24287,31111
24298,31367
24309,30551
24319,31431
24330,31463
24340,32023
24350,31783
24360,32007
24370,33704
24381,33944
24391,33256
24402,32103
24412,31079
24422,29543
24433,30279
24443,30423
24454,30647
24464,30343
24474,30247
24485,30343
24495,32952
24506,44874
24516,52636
24526,18148
24537,21365
24547,34600
24558,32679
24568,33000
24578,33704
24589,33432
24599,34216
24610,34888
24620,34904
24630,35144
24641,35800
24651,36440
24662,36664
24672,37673
24682,39145
24693,38761
24703,40089
24714,41578
24724,42138
24734,43146
24745,42218
24755,40953
24766,36296
24776,32215
24786,30807
24797,29479
24807,28935
24818,29191
24828,29783
24838,29367
24849,29239
24859,29335
24870,30023
24880,29991
24890,29975
24901,30567
24911,30423
24922,31367
24932,31127
24942,30727
24953,31703
24963,31447
24974,31431
24984,31223
24994,30919
25005,31847
25015,32519
25026,34072
25036,34552
25046,33736
25056,33128
25067,29831
25077,30551
25088,30391
25101,31063
25112,30663
25122,30823
25133,31287
25143,31943
25153,34632
25163,46395
25173,50892
25183,15587
25194,24790
25204,34968
25215,33832
25225,34056
25235,34648
25246,34104
25256,34728
25267,34216
25277,35400
25288,35496
25298,36488
25308,36440
25319,36248
25329,37625
25340,39401
25350,39817
25360,40729
25371,40953
25381,41946
25392,42378
25402,42330
25412,40713
25423,35752
25433,32615
25444,30535
25454,29879
25464,29543
25475,29527
25485,28502
25495,29207
25506,28871
25516,29751
25527,29831
25537,30151
25547,30647
25558,31191
25568,30295
25579,30695
25589,30471
25600,31879
25610,31591
25620,30487
25631,30647
25641,30215
25652,31079
25662,31207
25672,30759
25683,31255
25693,31399
25704,31767
25714,32215
25724,33352
25735,34088
25745,33848
25756,33160
25766,31463
25776,30615
25787,31959
25797,29671
25807,30887
25818,30999
25828,31191
25839,30855
25849,31207
25859,36216
25869,51100
25879,42442
25890,13475
25900,30631
25911,33448
25921,33768
25931,33512
25942,32792
25952,34568
25963,34344
25973,34008
25983,34920
26026,36008
26037,37065
26048,38761
26058,40377
26069,40041
26079,41066
26089,41002
26100,41562
26111,41034
26121,37145
26132,34040
26142,31271
26152,29959
26163,27830
26173,27830
26184,27942
26194,27558
26205,28198
26215,28006
26225,28999
26236,29527
26246,29127
26257,29239
26267,29063
26277,29399
26288,29415
26298,29479
26309,30279
26319,29607
26329,29767
26340,29591
26350,29383
26361,30295
26371,30951
26381,32023
26392,32615
26402,31367
26413,29895
26423,27990
26433,28727
26444,28390
26454,29479
26465,28294
26475,29159
26485,28967
26496,29639
26506,33704
26517,47963
26527,45499
26537,11058
26548,26326
26558,32647
26569,32199
26579,31959
26589,32327
26600,31799
26610,32824
26621,33320
26631,33144
26641,33816
26652,34872
26662,35224
26672,35592
26682,36152
26692,37097
26703,38617
26713,39049
26724,40537
26734,40313
26744,41258
26755,40745
26765,38537
26776,34744
26786,31063
26796,29655
26807,28038
26817,27942
26828,27334
26838,28326
26848,27478
26859,28374
26869,28775
26880,28662
26890,29207
26900,29575
26914,30039
26924,30871
26935,29703
26946,30487
26956,29767
26967,30375
26977,30423
26987,31047
26997,30551
27007,30343
27018,30743
27028,31879
27039,33032
27049,32487
27059,34312
27070,32711
27080,31767
27091,30471
27101,30807
27111,29959
27122,30439
27132,31063
27143,30567
27153,30855
27163,30631
27173,34664
27184,48155
27194,51276
27205,15187
27215,24469
27225,33992
27236,33032
27246,33720
27257,34200
27267,33480
27278,34504
27288,35256
27299,34872
27309,34760
27319,36552
27330,35736
27340,36776
27351,38537
27361,38681
27371,39193
27381,40889
27392,41322
27402,42442
27413,42922
27423,42602
27434,39993
27444,36120
27454,32984
27465,31079
27475,29799
27486,29399
27496,29463
27507,29607
27517,30759
27527,28807
27538,28967
27548,30167
27559,31143
27569,31255
27579,32423
27590,30247
27600,30503
27611,31047
27621,31959
27631,31319
27642,31543
27652,31751
27663,32119
27673,31911
27683,31383
27693,31703
27704,31911
27714,32279
27725,34440
27735,33112
27746,35240
27756,34136
27766,33736
27777,32215
27787,31111
27800,31495
27811,32359
27821,32007
27831,32087
27841,30647
27852,32327
27862,31703
27873,40953
27883,53869
27893,36664
27904,15091
27914,32808
27924,34024
27935,33976
27945,34120
27956,34920
27966,34568
27976,35064
27986,35336
27996,36184
28007,35896
28017,36168
28028,36953
28038,37705
28048,38457
28059,39609
28069,39561
28080,41562
28090,42282
28100,41834
28111,42890
28121,41738
28132,39049
28142,35624
28152,33368
28163,29607
28173,29783
28184,29271
28194,29719
28204,29079
28214,28871
28225,30407
28235,29271
28246,30455
28256,31527
28267,30551
28277,30231
28287,31143
28298,31143
28308,30743
28318,31399
28328,30839
28338,31799
28349,31303
28359,31031
28370,31527
28380,31527
28390,32359
28401,32824
28411,34920
28422,34552
28432,34104
28442,31271
28453,31159
28463,30743
28474,30439
28484,31783
28494,30855
28505,32199
28515,30439
28526,31175
28536,34536
28547,47787
28557,51548
28567,14387
28578,25414
28588,35784
28599,34712
28609,33496
28619,33320
28630,33464
28640,34136
28651,34984
28661,35144
28671,35896
28685,35992
28695,36664
28706,37945
28717,37977
28727,38281
28738,40249
28748,41898
28759,41930
28769,41674
28779,43258
28790,42314
28800,38345
28811,34376
28821,32151
28831,30951
28842,29367
28852,29447
28863,28598
28873,28839
28883,28582
28894,29015
28904,29751
28915,29671
28925,29895
28935,30215
28945,29735
28955,31735
28965,30919
28976,30599
28986,30103
28997,31159
29007,30855
29017,30039
29028,30615
29038,30599
29049,31399
29059,33288
29070,32743
29080,33368
29090,33800
29101,31175
29111,29127
29122,29543
29132,29207
29142,29591
29153,30183
29163,30391
29174,29959
29184,29639
29194,32295
29205,43626
29215,51164
29226,16388
29236,20164
29246,32840
29256,32151
29267,31463
29277,32856
29288,32215
29298,32968
29308,32599
29318,33736
29328,33544
29339,33992
29349,33976
29360,34856
29370,36040
29381,37257
29391,38313
29401,39737
29412,40505
29422,40025
29433,39593
29443,41498
29453,39129
29464,35656
29474,33432
29485,28662
29495,28855
29505,27462
29516,26262
29526,27894
29537,26406
29547,27926
29557,28182
29568,28422
29613,29015
29624,29591
29634,29287
29645,29831
29655,29175
29665,29447
29675,30151
29686,29511
29696,29255
29707,30359
29717,31927
29728,33512
29738,33608
29748,32535
29759,31511
29769,29399
29780,30183
29790,30167
29800,29495
29810,30087
29821,30759
29831,30823
29842,30871
29852,31559
29862,38745
29872,52252
29882,33064
29893,13795
29903,32984
29914,34152
29924,33096
29935,33848
29945,34152
29955,33848
29966,34792
29976,34488
29987,34856
29997,35576
30007,36664
30018,36584
30028,36937
30039,38617
30049,39129
30059,39913
30070,40505
30080,42282
30091,42298
30101,42538
30111,42202
30122,38121
30132,34328
30143,32135
30153,30263
30163,29591
30174,29319
30184,29399
30195,29303
30205,29671
30215,29335
30226,29943
30236,30135
30247,29831
30257,31383
30267,31431
30278,30679
30288,31063
30299,31399
30309,31175
30319,30647
30330,31799
30340,31815
30351,31543
30361,31895
30371,33128
30382,34088
30392,33160
30403,33704
30413,32343
30423,31127
30434,30599
30444,31111
30455,30567
30465,30407
30475,31367
30489,31959
30499,30903
30510,34200
30521,47659
30531,49035
30542,14611
30552,27974
30563,34856
30573,32359
30583,32599
30594,34392
30604,33256
30615,34568
30625,34184
30635,33384
30646,34792
30656,35208
30667,35912
30677,36937
30687,37065
30698,38489
30708,38697
30719,39881
30729,40809
30739,41578
30750,42202
30760,41306
30770,38937
30780,35416
30790,31911
30801,30903
30811,29527
30822,29111
30832,29415
30842,28118
30853,28695
30863,29287
30874,29127
30884,29495
30894,29975
30905,30983
30915,30567
30926,30567
30936,30999
30946,30487
30957,30807
30967,31127
30977,30871
30988,30519
30998,31911
31009,31559
31019,32727
31029,33752
31040,34872
31050,33816
31061,30919
31071,29911
31081,30887
31092,30647
31102,30199
31113,31319
31123,31319
31133,30951
31144,30871
31154,35432
31165,48827
31175,44618
31186,12835
31196,28727
31206,34136
31217,33672
31227,34408
31238,34824
31248,35368
31258,34632
31269,34504
31279,35672
31290,35944
31300,36873
31310,37337
31321,37449
31331,39881
31342,37689
31352,40361
31362,41290
31375,42026
31385,41994
31396,42698
31406,41402
31417,38825
31427,34984
31438,32727
31448,31031
31459,28887
31469,28983
31480,30151
31490,29463
31501,29399
31511,30135
31521,30583
31532,30279
31542,30919
31553,30407
31563,30983
31573,31495
31584,31383
31594,31207
31605,32103
31615,31255
31625,32199
31636,33096
31646,34632
31657,34120
31667,32663
31677,31175
31688,30167
31698,31943
31709,30423
31719,29831
31729,30391
31740,30631
31750,31319
31761,31079
31771,37993
31781,52076
31792,38313
31802,12178
31813,29719
31823,33256
31833,33800
31844,33464
31854,34456
31865,34104
31875,34008
31885,35144
31895,35464
31906,35544
31916,35416
31927,36312
31937,37225
31948,38073
31958,39337
31968,40041
31979,41130
31989,41930
32000,40953
32010,42666
32021,40777
32031,38073
32041,34744
32052,31415
32062,29447
32073,29111
32083,28999
32093,28646
32104,28887
32114,29367
32125,29847
32135,29991
32145,29239
32156,29911
32166,30663
32177,30375
32187,31047
32197,30599
32208,32135
32218,31479
32229,32792
32239,33128
32249,34264
32263,32792
32273,33288
32284,30503
32295,29927
32305,29719
32316,30423
32326,30007
32337,29975
32347,31431
32357,30151
32368,29847
32378,36921
32389,52060
32399,40986
32409,11394
32420,29655
32430,33768
32441,33240
32451,32471
32461,33368
32472,33688
32482,33064
32493,34664
32503,34200
32513,35336
32523,35048
32534,36008
32544,36744
32555,38745
32565,38057
32575,39353
32586,40633
32596,40986
32607,40970
32617,42058
32627,40953
32638,38249
32648,34792
32659,29927
32669,30807
32680,28983
32690,27750
32700,29063
32711,28887
32721,29383
32731,29351
32742,29063
32752,30023
32763,29127
32773,30855
32783,30183
32793,30855
32803,31399
32814,31463
32824,31319
32835,30871
32845,31543
32856,31559
32866,33496
32876,33928
32887,33896
32897,32471
32908,31079
32918,30119
32928,29799
32939,29911
32949,30023
32959,30279
32970,30759
32980,32103
32991,29367
33001,35736
33011,50796
33022,46987
33032,12819
33043,28070
33053,34056
33064,32199
33074,32151
33084,33240
33095,33448
33105,34024
33116,34712
33126,35000
33136,35352
33147,36248
33186,38857
33197,39177
33207,40105
33218,41834
33228,41242
33239,42042
33249,41306
33260,39001
33270,35784
33281,31495
33291,30759
33302,29463
33312,28118
33322,29607
33333,28951
33343,29255
33354,28454
33364,28887
33374,29079
33385,29895
33395,30423
33406,31383
33416,31335
33426,31207
33437,31383
33447,29975
33458,31559
33468,30999
33478,30791
33489,30791
33499,31543
33510,32583
33520,34440
33530,33976
33541,33208
33551,32583
33562,29719
33572,29143
33582,30759
33593,30087
33603,31591
33614,31175
33624,31063
33634,30871
33645,31639
33655,41706
33666,54589
33676,27446
33686,15955
33697,33640
33707,33192
33718,32936
33728,33688
33738,35016
33749,34056
33759,33528
33770,34872
33780,35880
33790,34360
33801,35656
33811,36616
33822,37705
33832,37769
33842,39353
33853,39817
33863,41162
33874,41626
33884,42154
33894,42378
33905,40649
33915,36905
33926,33352
33936,29751
33946,30247
33957,29591
33967,29095
33978,28983
33988,29991
33998,28679
34009,28598
34019,29287
34030,28999
34040,30503
34050,30983
34061,32023
34074,29959
34085,30487
34096,30343
34106,30951
34117,31431
34127,31767
34138,32455
34148,34280
34158,33816
34169,33320
34179,33288
34190,31623
34200,30615
34210,29575
34221,29991
34231,29927
34242,29911
34252,31207
34262,31511
34273,30183
34283,38153
34294,50092
34304,44330
34314,12771
34325,29079
34335,33672
34346,33320
34356,33496
34366,33720
34377,34504
34387,33560
34398,34488
34408,35256
34418,35288
34428,35352
34439,36520
34449,36168
34460,37193
34470,39257
34480,40377
34490,40777
34500,41658
34511,41450
34521,42106
34532,41530
34542,38249
34553,33832
34563,31511
34573,30551
34584,28967
34594,28935
34605,29159
34615,28454
34625,29271
34636,29863
34646,29031
34657,29399
34667,30935
34677,30807
34688,30871
34698,31191
34709,30247
34719,30743
34729,31447
34740,31271
34750,31959
34761,31383
34771,31111
34781,30871
34792,31751
34802,32936
34813,33992
34823,33992
34833,33720
34843,32519
34854,31255
34864,30631
34875,30935
34885,30263
34896,30439
34906,30535
34916,31175
34927,30519
34937,33176
34948,45787
34961,49436
34972,12835
34982,27654
34993,35464
35003,32327
35013,33160
35024,32952
35035,33944
35045,34536
35056,34792
35066,34776
35077,35880
35087,38489
35097,36232
35108,34712
35118,37929
35129,38729
35139,40025
35149,40953
35160,41178
35170,42922
35181,43674
35191,41434
35201,37865
35212,33944
35222,31447
35233,31143
35243,28951
35253,29815
35264,29623
35274,29255
35285,28358
35295,29095
35305,29479
35316,29927
35326,29447
35337,31031
35347,30839
35357,31047
35368,31783
35378,29975
35389,31255
35399,31175
35409,31879
35420,30983
35430,30519
35441,31943
35451,32487
35461,33944
35472,34344
35482,34568
35493,32327
35503,30135
35513,30247
35524,30119
35534,30359
35545,30855
35555,30135
35565,30999
35576,30999
35586,30999
35597,39977
35607,53036
35617,32695
35628,13667
35638,32071
35649,33704
35659,32711
35669,33256
35680,33960
35690,33448
35701,34472
35711,33688
35721,34792
35732,35400
35742,35384
35753,35208
35763,36824
35773,37577
35784,38281
35794,39641
35805,40361
35815,41194
35825,41194
35836,41562
35849,38809
35860,36104
35871,31863
35881,30871
35892,28759
35902,28342
35912,28662
35922,28086
35932,28486
35943,29015
35953,28518
35964,29479
35974,28759
35984,29959
35995,30631
36005,29927
36016,30503
36026,30775
36036,30359
36047,30791
36057,29799
36068,30439
36078,31319
36088,32215
36099,32984
36109,33544
36120,33656
36130,31703
36140,29191
36151,30519
36161,29703
36172,28566
36182,30135
36192,30215
36203,29959
36213,30423
36224,32135
36234,42346
36244,52444
36255,24565
36265,16404
36276,33448
36286,32984
36296,32295
36306,34152
36317,32583
36327,34072
36338,34968
36348,33208
36358,35336
36368,34440
36378,35592
36389,35720
36399,37913
36410,37801
36420,38457
36431,40986
36441,40425
36451,41050
36462,42010
36472,42250
36483,39833
36493,36792
36503,32776
36514,31623
36524,29191
36535,28727
36545,28614
36555,28727
36566,28711
36576,28727
36587,29415
36597,29975
36607,30439
36618,29895
36628,30343
36639,30167
36649,30487
36659,30823
36670,31751
36680,32295
36691,30359
36701,31271
36711,30903
36721,31783
36731,32103
36772,34216
36783,32103
36793,32247
36803,31543
36813,30023
36824,30871
36835,30871
36845,30743
36856,31959
36866,31655
36877,31463
36887,37689
36897,52236
36908,38057
36918,15603
36929,31895
36939,34248
36949,33704
36960,34264
36970,34888
36981,35160
36991,33512
37001,35624
37012,34872
37022,35064
37033,35752
37043,36136
37053,37129
37064,37913
37074,39225
37085,39705
37095,40697
37105,41226
37116,42106
37126,42858
37137,41146
37147,37289
37157,33928
37168,31255
37178,30535
37189,29527
37199,29063
37209,29383
37220,28711
37230,28823
37241,29415
37251,29767
37261,29719
37271,30359
37282,30391
37292,30375
37303,30935
37313,30551
37323,31191
37334,31799
37344,31415
37355,31351
37365,30983
37375,33112
37385,33656
37395,33880
37406,33656
37416,32071
37427,31047
37437,29623
37447,30567
37458,30983
37468,30295
37479,31319
37489,30583
37500,31159
37510,32920
37520,44730
37531,51212
37541,15779
37552,24213
37562,33304
37572,33432
37583,33704
37593,33880
37604,33864
37614,34008
37624,34248
37635,35160
37648,35160
37659,36200
37670,36905
37680,37545
37691,37081
37701,38873
37712,39689
37722,40345
37732,41242
37743,41706
37753,41770
37764,41098
37774,38441
37784,34008
37795,31159
37805,30823
37816,28903
37826,28582
37836,28887
37847,29079
37857,29319
37868,28743
37878,29591
37888,30231
37899,30759
37909,30775
37920,30791
37930,29975
37940,31271
37951,31463
37961,30663
37972,31207
37982,32567
37992,34280
38003,33480
38013,32792
38024,31831
38034,29255
38044,29719
38055,29895
38065,29399
38076,29719
38086,30167
38096,30823
38107,31143
38117,31047
38128,43994
38138,51868
38148,16484
38159,20436
38169,33448
38180,31831
38190,33688
38200,33128
38211,33096
38221,34024
38232,34664
38242,34136
38252,34968
38263,35080
38273,35976
38284,36568
38294,37305
38304,38953
38315,39721
38325,39641
38336,40953
38346,42074
38356,41482
38367,41290
38377,38937
38388,35432
38398,33976
38408,30935
38419,29479
38429,28326
38440,29031
38450,29127
38460,29543
38471,29415
38481,29959
38492,30215
38502,29863
38512,30567
38523,30087
38533,31047
38546,31431
38557,30791
38568,32071
38578,33208
38588,33880
38599,33608
38610,33112
38620,32135
38631,30087
38641,29767
38652,30087
38662,30215
38672,29959
38683,30247
38693,30311
38704,30599
38714,31031
38724,40249
38735,52636
38745,29079
38756,15251
38766,31671
38776,33816
38787,33560
38797,32840
38808,33544
38818,34312
38828,33752
38839,34744
38849,34616
38860,35432
38870,35992
38880,35352
38891,37097
38901,38585
38912,38985
38922,40201
38932,40905
38943,41194
38953,42554
38964,42090
38974,39209
38984,35464
38995,33000
39005,31127
39016,30167
39026,28166
39036,28102
39047,28727
39057,28711
39068,29463
39078,28919
39088,29623
39099,30119
39109,29959
39120,29703
39130,30647
39140,30439
39151,31239
39161,31991
39172,31175
39182,31543
39192,32327
39203,34552
39213,33720
39224,32679
39234,31911
39244,30551
39255,30519
39265,30311
39276,30919
39286,30215
39296,31239
39307,30823
39317,31047
39328,32231
39338,43626
39348,53533
39359,21045
39369,20869
39380,33592
39390,33192
39400,33032
39411,33032
39421,33448
39434,33704
39446,34488
39456,34648
39467,35592
39477,35880
39488,36136
39498,37305
39508,36856
39519,38425
39529,39721
39540,40409
39550,41514
39560,43098
39571,41738
39581,40249
39592,36921
39602,34376
39612,31751
39623,30167
39633,28887
39644,28871
39654,29511
39664,29079
39675,28662
39685,29527
39696,29831
39706,31063
39716,30343
39727,30951
39737,30727
39748,30599
39758,30551
39768,30663
39778,31175
39788,31143
39798,30951
39809,31559
39819,31719
39830,31783
39840,32663
39850,33944
39861,33816
39871,33832
39882,32567
39892,31223
39903,29863
39913,30679
39923,31127
39934,30391
39944,31271
39955,31511
39965,30135
39975,31367
39986,39129
39996,53132
40007,34360
40017,15379
40027,31335
40038,33704
40048,33128
40059,33544
40069,33256
40079,34472
40090,34440
40100,35160
40110,35352
40121,35000
40131,35992
40142,37161
40152,37145
40163,38409
40173,39481
40183,39401
40194,40809
40204,41946
40214,42938
40224,42682
40234,40265
40245,37433
40255,34280
40266,31399
40276,30039
40286,30615
40297,29431
40307,28214
40347,30183
40357,30359
40368,30439
40378,30183
40389,30551
40399,31159
40410,32968
40420,30375
40431,30647
40441,31175
40452,33176
40462,33688
40472,34360
40483,33000
40493,32487
40504,30791
40514,30231
40524,30167
40535,29767
40545,31463
40556,29207
40566,30535
40576,31191
40587,30903
40597,39913
40608,52300
40618,33224
40628,14003
40639,31015
40649,33096
40660,32968
40670,33064
40680,33672
40691,33544
40701,34392
40712,34648
40722,34968
40732,35736
40743,35176
40753,36248
40764,37257
40774,37929
40784,38313
40795,40953
40805,41578
40816,41386
40826,42090
40836,41738
40846,39449
40857,35480
40867,32231
40878,30871
40888,29559
40899,28999
40909,29015
40919,29111
40930,29351
40940,28967
40951,29719
40961,29591
40972,29943
40982,29671
40992,30983
41003,30567
41013,30679
41024,30855
41034,32551
41044,32167
41055,32343
41065,33160
41076,34392
41086,32567
41096,31783
41107,30807
41117,29143
41128,29655
41138,30647
41148,30215
41159,30439
41169,30775
41180,30519
41190,32695
41200,44138
41211,53148
41221,22501
41234,22101
41245,34056
41255,32984
41266,33080
41276,33624
41287,33448
41297,33880
41307,34280
41317,34376
41327,34248
41338,35368
41348,35592
41358,36248
41368,37961
41379,38825
41389,39721
41400,40585
41410,41466
41421,41946
41431,42218
41441,40953
41452,38217
41462,34728
41472,32055
41482,30183
41492,29463
41503,29591
41513,28326
41524,28262
41534,28935
41544,28679
41555,29255
41565,29271
41575,30439
41586,30471
41596,30599
41607,31127
41617,31079
41628,30631
41638,31159
41648,30471
41659,31623
41669,32856
41680,34152
41690,34440
41701,33560
41711,31895
41721,30695
41732,29575
41742,29671
41753,30119
41763,30279
41773,31063
41784,30439
41794,30631
41805,30423
41815,37689
41825,52172
41836,43946
41846,10274
41857,30871
41867,33752
41877,32583
41888,33240
41898,33496
41909,34056
41919,33864
41929,34312
41940,35416
41950,34680
41961,34840
41971,36120
41981,37001
41992,37561
42002,39337
42013,40857
42023,40921
42033,40953
42044,41354
42054,41882
42065,39769
42075,36840
42085,33672
42096,31143
42106,30295
42117,28230
42130,29271
42141,28518
42151,28791
42161,28983
42172,29175
42183,30007
42193,30919
42204,30295
42214,30119
42225,30423
42235,31159
42245,30471
42256,30615
42266,31479
42277,31271
42287,31431
42297,30599
42307,32023
42318,32647
42328,33288
42339,34088
42349,33960
42359,32808
42369,30887
42379,30775
42390,30663
42400,30631
42411,31111
42421,30231
42432,30551
42442,31575
42452,30807
42463,36680
42473,50604
42484,46123
42494,14627
42504,29735
42515,34376
42525,33816
42536,32904
42546,33272
42556,33992
42567,34312
42577,34872
42588,34440
42598,35208
42608,35880
42619,36152
42629,36712
42640,37145
42650,39305
42660,39625
42671,40729
42681,41242
42692,42186
42702,42538
42712,40617
42723,37977
42733,33624
42748,30263
42759,29239
42769,28743
42779,29495
42790,28470
42800,28951
42811,29367
42821,29591
42832,30359
42842,29703
42853,30103
42863,30487
42873,30775
42884,30615
42894,30903
42905,30743
42915,30439
42925,31159
42936,30631
42946,30935
42957,30983
42967,31975
42977,30727
42988,31111
42998,31751
43009,31815
43022,32743
43032,34184
43043,34056
43053,33576
43064,32343
43074,31111
43084,30615
43095,31367
43105,31463
43116,30807
43126,31879
43136,30471
43146,30983
43157,34984
43167,47947
43178,50492
43188,15299
43199,26838
43209,33544
43219,33160
43230,33768
43240,33864
43251,34200
43261,34280
43272,35208
43282,35320
43292,35432
43303,35912
43313,36376
43324,36889
43334,37849
43344,39017
43355,38921
43365,40585
43376,42026
43386,41322
43396,42522
43407,41578
43417,39833
43428,34312
43438,32407
43448,30567
43459,29623
43469,28807
43480,28887
43490,28839
43500,28967
43511,29463
43521,29223
43532,30983
43542,29479
43552,30439
43563,30247
43573,31367
43584,30359
43594,30551
43604,31015
43615,30919
43625,31367
43636,31623
43646,31783
43656,31399
43667,33096
43677,33896
43688,33160
43698,32711
43708,30023
43719,30535
43729,30343
43740,30023
43750,31239
43760,29751
43771,30487
43781,31575
43792,30311
43802,37465
43812,52364
43823,39833
43833,12274
43844,31303
43854,33672
43864,32135
43875,33576
43885,34008
43895,33992
43935,35336
43946,35352
43956,36584
43966,36632
43976,37849
43987,38537
43997,39657
44008,40409
44018,41738
44029,42122
44039,42586
44049,40377
44060,37721
44070,33992
44081,30887
44091,29831
44101,29975
44111,28342
44122,28310
44132,28775
44143,29287
44153,29575
44164,29511
44174,30999
44184,29415
44195,29095
44205,29655
44216,30087
44226,31191
44236,30919
44247,31415
44257,30743
44268,31495
44278,31047
44288,30631
44299,31463
44309,31831
44320,33320
44330,33592
44341,33544
44351,32263
44361,31511
44372,30343
44382,30055
44393,29927
44403,30647
44413,31111
44424,30567
44434,30599
44445,30743
44455,34376
44465,48155
44476,52204
44486,15379
44497,24565
44507,33704
44517,32920
44528,32824
44538,33352
44549,32856
44559,34216
44569,34184
44580,35032
44590,33992
44601,34968
44611,35864
44621,36328
44632,37465
44642,38281
44653,39529
44663,40697
44673,40601
44684,41802
44694,42074
44705,41498
44715,38233
44725,34120
44736,32167
44746,30647
44757,28887
44767,29959
44777,28518
44788,29399
44798,28230
44809,28759
44822,28919
44832,29895
44843,29863
44853,30151
44864,29991
44874,31175
44884,31111
44895,29511
44905,31063
44916,31143
44926,30807
44936,30535
44947,30503
44957,31319
44968,31527
44978,31815
44988,33064
44999,33496
45009,34184
45020,32776
45030,31751
45040,30647
45050,30247
45061,30183
45071,30535
45082,30183
45092,32007
45103,30103
45113,30087
45123,34072
45134,46347
45144,53997
45154,17492
45165,22805
45175,33160
45186,32471
45196,33736
45207,32423
45217,33704
45227,34232
45238,34392
45248,34792
45259,35528
45269,35256
45279,35800
45289,36728
45299,36168
45310,38409
45320,39353
45331,40377
45341,41882
45351,42218
45362,41898
45372,41242
45382,39145
45393,36568
45403,32071
45414,30247
45424,29063
45434,28679
45445,28374
45455,29111
45466,28358
45476,29447
45487,29063
45497,29703
45507,28743
45518,29719
45528,29975
45539,30487
45549,30743
45559,31415
45570,29943
45580,30551
45591,30855
45601,31623
45611,31527
45622,30551
45632,31815
45643,32343
45653,34120
45663,33496
45674,33544
45684,31559
45695,31575
45708,30103
45719,30439
45729,30775
45739,31159
45750,31751
45761,29655
45771,31511
45782,33576
45792,46667
45803,54317
45813,19940
45823,21589
45834,33848
45844,33672
45855,33192
45865,33560
45875,33704
45886,34264
45896,35016
45907,35352
45917,34760
45927,35320
45938,36168
45948,36184
45959,37401
45969,38073
45979,39945
45990,40953
46000,41482
46011,41034
46021,42602
46031,41738
46042,38937
46052,35304
46063,32904
46073,30375
46083,29335
46094,29207
46104,28502
46115,28711
46125,28807
46135,28727
46146,29895
46156,30087
46167,29623
46177,30535
46187,29927
46197,30599
46208,31415
46218,30599
46229,30807
46239,31623
46249,31591
46259,31287
46269,30247
46280,31415
46290,31383
46301,31191
46311,32135
46322,31719
46332,32968
46342,34632
46353,34712
46363,34008
46374,32055
46384,30967
46394,32119
46405,30647
46415,30679
46426,31175
46436,31303
46446,31383
46457,31463
46467,33368
46478,41194
46488,55277
46498,33256
46509,17076
46519,33176
46530,33640
46540,33000
46550,33560
46561,34344
46571,34568
46582,34632
46595,34312
46605,35912
46616,35848
46626,35576
46637,36232
46647,36969
46657,38345
46668,39337
46678,40521
46689,41274
46699,41578
46709,42906
46720,41674
46730,38617
46741,35416
46751,32711
46761,30823
46772,29575
46782,29319
46793,29479
46803,28679
46813,28935
46823,29511
46834,29591
46844,29735
46855,30103
46865,29495
46876,30615
46886,30551
46896,31671
46907,30967
46917,30455
46928,31911
46938,31031
46949,30679
46959,31111
46969,32327
46980,30759
46990,31527
47001,31527
47011,31399
47021,32199
47032,31479
47042,31911
47053,32455
47063,33160
47073,34360
47084,34328
47094,34664
47105,32199
47115,30663
47125,30871
47136,31415
47146,31463
47157,31575
47167,31239
47177,31255
47188,31703
47198,34072
47209,46283
47219,54301
47229,19908
47240,24053
47250,34136
47260,33976
47271,33304
47281,32776
47292,33960
47302,34200
47312,34264
47322,34664
47332,34824
47343,36280
47353,35720
47363,35976
47373,37209
47383,37833
47394,38953
47404,39849
47415,40953
47425,41562
47435,41306
47446,41882
47456,40153
47467,37433
47477,32167
47520,28711
47531,28502
47541,28775
47552,28903
47563,29095
47573,29751
47584,30759
47594,30087
47604,29463
47614,30855
47624,30887
47635,31127
47645,30647
47656,31463
47666,31511
47676,31255
47687,30423
47697,31591
47708,32711
47718,34504
47728,33160
47739,33736
47749,32167
47760,29671
47770,29751
47780,30599
47791,30135
47801,30487
47812,30695
47822,31799
47832,30183
47843,33000
47853,45371
47864,52028
47874,19588
47884,20388
47895,32487
47905,33496
47916,33112
47926,32776
47936,34328
47947,34424
47957,33688
47968,34472
47978,35704
47988,35528
47999,36360
48009,36072
48020,37209
48030,38889
48040,38633
48051,40313
48061,41866
48072,41450
48082,42986
48092,41658
48103,39225
48113,34968
48124,32343
48134,30247
48144,29079
48155,29847
48165,28662
48176,28887
48186,29239
48196,28518
48207,29479
48217,30551
48228,29623
48238,29975
48248,31047
48259,30983
48269,31703
48280,30375
48290,31223
48300,31959
48311,30983
48321,32647
48332,32407
48342,33800
48352,33896
48363,34312
48373,33128
48384,30727
48394,30215
48407,30903
48418,31239
48428,30695
48439,30471
48449,30679
48460,31463
48470,31671
48480,40457
48491,54333
48502,29463
48512,17060
48523,32727
48533,33112
48544,32487
48554,32487
48564,33224
48575,33992
48585,33816
48596,35048
48606,35096
48616,35144
48627,35976
48637,35928
48648,36744
48658,38025
48668,39081
48679,40553
48689,41034
48700,41034
48710,42250
48720,42282
48731,39785
48741,35304
48752,32215
48762,31303
48772,29495
48783,28518
48793,28823
48804,28999
48814,28566
48824,29255
48835,29607
48845,29255
48856,30103
48866,30055
48876,30359
48887,30359
48897,30231
48908,30775
48918,31159
48928,31511
48939,31511
48949,29783
48960,31191
48970,30615
48980,31975
48991,32455
49001,33128
49012,34664
49022,33976
49032,32583
49043,31879
49053,29799
49064,30423
49074,30263
49084,30871
49095,30471
49105,30407
49116,30983
49126,31239
49136,35480
49147,49772
49157,46811
49168,13731
49178,28711
49188,34056
49199,33192
49209,33064
49220,32391
49230,33720
49240,34280
49251,34104
49261,34216
49272,35624
49282,35624
49295,35512
49306,36568
49316,37849
49327,38569
49338,40505
49348,40905
49359,41578
49369,41962
49380,41818
49390,40009
49400,36312
49411,33464
49421,29335
49432,29255
49442,28919
49452,28695
49462,29399
49473,29127
49483,28646
49494,29399
49504,28598
49515,29959
49525,30151
49535,30471
49546,31255
49556,30503
49567,30983
49577,31511
49588,30263
49598,30535
49608,31559
49619,32615
49629,31719
49640,33720
49650,34264
49660,33768
49671,32487
49681,31127
49692,29015
49702,30647
49712,30167
49723,30999
49733,30551
49744,31991
49754,31143
49764,31143
49775,36792
49785,51340
49796,44874
49806,12467
49816,29447
49827,34104
49837,33160
49848,34120
49858,33864
49868,32920
49879,34440
49889,34376
49900,34632
49910,35592
49920,35528
49931,35784
49941,37097
49952,37769
49962,39097
49972,39945
49983,40937
49993,42154
50003,43034
50014,42426
50024,39689
50035,36921
50045,33080
50055,31975
50066,29911
50076,28775
50087,29303
50097,29799
50107,28198
50118,29031
50128,29079
50139,29623
50149,29575
50160,29799
50170,30535
50183,30279
50194,30935
50204,31351
50215,30391
50225,31207
50236,31207
50246,30951
50256,31703
50267,32167
50278,31031
50288,32295
50299,34024
50309,33416
50320,32567
50330,31399
50340,30743
50351,30167
50361,30615
50372,30471
50382,30919
50392,30039
50403,30695
50413,31367
50424,33544
50434,46539
50444,54381
50455,18100
50465,22533
50476,33672
50486,33560
50496,32551
50507,33144
50517,33816
50528,33544
50538,34184
50548,34712
50559,34696
50569,34872
50580,35784
50590,36568
50600,37273
50611,38377
50621,39737
50631,40089
50642,41242
50652,42762
50663,42154
50673,41530
50683,39049
50694,35208
50704,32343
50715,30487
50725,29543
50735,29143
50746,28807
50756,29399
50767,29207
50777,29815
50787,29127
50798,30455
50808,30087
50819,30695
50829,29975
50839,30503
50850,30839
50860,30999
50871,31303
50881,31895
50892,31767
50902,31431
50912,31143
50923,31399
50933,30567
50944,31591
50954,31575
50964,32167
50975,32311
50985,33864
50996,34376
51006,34856
51016,33368
51027,33304
51037,30471
51048,30407
51058,31271
51068,31383
51113,31319
51123,36696
51134,52124
51145,45883
51155,14499
51166,30471
51176,34024
51186,32503
51196,33736
51206,33032
51217,34216
51227,33864
51238,34392
51248,34712
51258,35336
51269,34728
51279,35976
51290,36664
51300,36552
51310,37865
51321,40505
51331,40297
51342,41018
51352,42058
51362,42346
51373,40249
51383,37769
51393,33848
51404,30551
51414,29719
51425,28727
51435,28855
51446,28887
51456,28839
51466,28807
51476,30599
51487,29463
51497,28486
51508,29703
51518,29223
51528,30087
51539,31303
51549,30631
51560,31927
51570,30151
51580,31271
51591,30663
51601,30855
51612,29895
51622,31655
51632,32984
51642,33320
51652,34744
51663,33544
51673,30743
51684,30599
51694,29895
51705,29783
51715,30487
51725,30023
51736,30567
51746,30791
51757,30663
51767,32279
51777,40777
51788,53821
51798,29879
51808,13875
51819,32471
51829,33528
51840,33320
51850,33160
51860,33096
51871,34712
51881,34056
51892,33672
51902,35160
51913,35256
51923,35864
51933,35944
51944,36808
51954,37577
51965,39161
51975,40953
51988,40729
51999,41994
52009,42042
52020,41162
52030,38873
52041,35624
52051,31831
52061,30183
52072,29271
52083,29015
52093,29127
52104,28727
52114,29239
52125,29479
52135,29191
52145,29863
52156,29863
52166,30023
52177,30391
52187,30663
52197,30759
52207,31415
52218,30311
52228,31159
52239,32439
52249,30119
52259,31479
52270,32135
52280,33448
52291,34216
52301,33176
52312,32503
52322,31447
52333,30743
52343,30663
52353,30599
52364,30679
52374,30183
52385,30711
52395,30679
52405,31191
52416,34648
52426,49067
52437,51788
52447,14131
52457,26966
52468,34040
52478,33080
52489,33160
52499,33592
52509,33592
52520,33848
52530,34648
52541,34712
52551,35240
52561,35544
52572,35928
52582,37289
52593,37209
52603,39401
52613,39721
52624,40521
52634,41674
52645,42474
52655,42394
52665,40953
52676,37833
52686,34648
52697,31639
52707,29703
52717,28983
52728,28166
52738,29063
52749,29063
52759,28518
52769,29527
52780,29719
52790,30407
52801,30263
52811,30263
52821,31159
52832,30119
52842,30535
52853,30983
52863,31015
52873,31031
52887,32295
52897,31671
52908,32359
52919,30855
52929,30727
52940,30951
52950,30903
52961,31319
52971,31895
52981,31799
52992,33032
53002,33656
53013,34104
53023,34728
53033,33608
53044,32119
53054,31975
53065,31255
53075,30839
53085,31191
53096,32167
53106,31239
53117,30999
53127,31639
53137,34056
53147,44746
53158,54893
53168,22565
53179,22549
53189,33960
53200,33064
53210,33464
53220,34104
53231,33496
53241,33768
53252,33960
53262,34952
53273,35720
53283,35640
53293,35144
53304,36568
53314,35672
53325,37897
53335,39209
53345,39449
53355,40905
53366,41962
53376,42218
53387,40857
53397,40409
53408,34856
53418,32583
53428,28759
53439,29143
53449,28630
53460,27910
53470,27990
53480,28486
53491,28374
53501,29767
53512,28887
53522,29591
53532,29831
53543,29271
53553,29767
53564,29943
53574,30631
53584,30759
53595,30279
53605,30263
53616,30775
53626,30151
53637,30807
53647,29527
53657,30567
53668,30391
53678,30759
53689,30567
53699,31431
53709,32727
53720,32952
53730,33720
53741,33176
53751,33240
53761,31719
53774,30551
53784,30791
53795,30087
53805,30359
53816,31111
53826,30791
53837,31655
53847,31767
53858,35864
53868,50700
53879,42842
53889,13779
53900,29719
53910,33256
53921,34216
53931,33896
53941,34024
53952,33608
53962,33640
53972,34200
53982,34360
53993,35400
54003,35496
54014,36760
54024,37225
54034,37529
54044,38089
54054,39417
54065,40681
54075,40889
54085,41466
54095,42314
54105,41098
54116,38297
54126,34776
54137,32551
54147,29575
54157,29239
54168,29015
54178,29575
54189,28390
54199,28582
54209,28390
54220,30199
54230,28999
54241,29863
54251,31143
54262,29879
54272,30615
54282,30887
54293,31639
54303,31991
54314,31399
54324,30951
54334,30983
54345,31303
54355,31479
54366,32215
54376,34024
54386,34008
54397,34312
54407,33224
54418,30439
54428,30615
54438,30999
54449,30567
54459,30615
54470,30823
54480,31015
54490,31847
54501,31271
54511,38761
54522,53020
54532,38345
54542,13779
54553,30855
54563,34376
54574,33272
54584,33384
54594,33000
54604,34200
54615,34408
54625,34792
54636,34728
54646,36280
54687,37833
54698,39481
54709,40041
54719,40905
54729,42426
54739,42218
54750,42074
54760,41290
54771,36456
54781,33512
54792,31639
54802,30215
54812,28695
54823,28374
54833,28823
54844,29207
54854,28983
54864,30343
54875,29671
54885,29063
54896,29831
54906,30407
54917,30311
54927,30999
54937,31351
54948,31703
54958,31431
54969,31527
54979,30759
54989,30487
55000,31431
55010,30935
55021,30743
55031,32551
55041,33288
55052,34728
55062,33352
55073,32727
55083,32952
55093,30855
55104,30455
55114,30391
55125,30775
55135,30887
55145,31431
55155,31431
55166,30855
55176,32727
55187,44330
55197,55277
55208,25622
55218,19076
55228,32647
55239,33384
55249,33080
55260,34216
55270,33528
55281,34232
55291,33624
55301,34984
55312,35608
55322,34968
55333,36264
55343,37001
55353,37049
55364,37785
55374,38889
55384,40889
55395,41706
55405,41898
55416,42474
55426,42026
55436,39417
55447,35272
55457,32679
55468,30727
55478,29511
55489,28598
55499,29383
55509,29287
55520,28246
55530,28967
55541,29623
55551,29079
55561,30071
55574,30615
55585,30023
55595,30519
55605,30407
55615,31463
55626,31447
55636,30631
55647,30599
55657,30663
55667,31159
55678,31207
55688,31607
55698,30551
55709,31799
55719,32535
55730,33240
55740,34008
55750,34616
55761,32776
55771,31367
55782,30439
55792,31239
55803,31047
55813,30823
55823,30215
55834,30935
55844,31495
55855,30631
55865,37641
55875,51628
55886,48699
55896,13667
55907,28999
55917,32920
55927,32567
55938,33608
55948,33704
55959,33800
55969,34040
55979,34280
55990,35144
56000,35560
56011,35032
56021,35528
56031,36568
56042,38089
56052,39209
56063,40105
56073,40553
56083,41434
56094,42714
56104,42474
56115,40457
56125,36776
56135,34280
56146,31687
56156,29959
56167,28855
56177,28887
56187,28983
56198,28727
56208,28502
56219,29191
56229,29591
56239,29383
56250,29911
56260,31047
56271,30631
56281,30823
56291,30023
56302,31271
56312,31255
56323,30999
56333,31495
56343,31255
56354,31431
56364,31959
56375,31143
56385,32391
56395,32151
56406,32856
56416,33176
56427,34520
56437,34600
56447,32952
56458,31927
56471,30519
56482,30727
56493,31447
56503,31063
56514,31335
56524,31543
56535,31431
56545,34760
56555,44794
56566,54589
56576,22789
56587,22917
56597,34008
56607,32984
56618,32952
56628,33128
56639,34152
56649,33944
56659,34040
56670,34664
56680,34872
56691,34536
56701,35944
56711,35864
56722,36424
56732,38553
56743,38681
56753,40329
56763,41178
56774,41626
56784,42458
56795,40970
56805,38713
56815,34760
56826,31479
56836,30407
56847,28775
56857,29271
56867,28855
56878,28198
56888,28695
56899,28262
56909,29415
56919,29287
56929,29783
56940,30423
56950,30103
56961,30439
56971,30167
56981,31367
56991,30375
57001,30535
57012,30567
57022,30487
57032,31031
57042,30951
57052,30903
57063,33000
57073,33160
57084,33864
57094,34536
57104,32311
57115,30887
57125,30503
57136,30823
57146,29767
57157,30951
57167,31271
57177,30359
57188,30951
57198,30855
57209,34840
57219,46011
57229,52332
57239,16964
57250,22293
57260,33208
57271,33880
57281,32743
57291,33560
57301,34600
57311,34008
57322,33704
57332,36520
57342,34232
57356,34520
57366,35816
57377,37129
57387,38617
57398,38089
57408,38873
57419,40905
57429,42522
57439,41466
57449,42282
57459,42250
57469,37337
57480,34248
57490,31767
57501,29799
57511,29271
57521,29095
57532,29271
57542,28566
57553,28887
57563,29431
57574,29095
57584,29719
57594,29479
57605,29911
57615,30775
57626,30823
57636,30951
57646,31063
57657,31959
57667,30663
57678,31287
57688,31719
57698,31271
57709,32439
57719,32808
57730,33720
57740,34136
57750,32872
57761,30807
57771,30295
57782,31335
57792,30935
57802,31127
57813,30135
57823,30263
57834,31479
57844,30599
57854,35944
57865,49996
57875,49035
57886,12979
57896,27654
57906,33896
57917,32808
57927,34040
57938,33176
57948,33000
57958,33992
57969,34568
57979,34360
57990,35208
58000,36360
58010,35000
58021,37625
58031,37209
58042,39001
58052,39993
58062,40921
58073,41082
58083,43034
58094,42810
58104,40601
58114,37801
58125,33560
58135,31959
58146,29607
58156,28855
58166,29575
58176,28807
58186,29239
58196,28646
58207,29415
58217,30071
58228,30231
58274,29623
58284,31047
58295,31207
58305,31671
58315,31463
58326,30455
58336,31143
58347,31687
58357,31127
58368,30967
58378,32183
58388,33528
58399,33400
58409,34440
58420,33224
58430,32087
58441,30647
58451,30631
58461,31255
58472,30503
58482,30327
58493,31303
58503,31591
58513,31543
58524,33096
58534,46235
58545,54381
58555,19716
58565,22693
58576,33464
58586,34024
58597,32663
58607,33288
58617,34168
58628,33640
58638,34408
58649,34456
58659,35624
58669,35592
58680,35272
58690,35848
58701,37177
58711,38025
58721,40377
58732,39689
58742,40857
58753,41194
58763,42714
58773,41850
58784,39561
58794,34856
58805,32583
58815,29783
58825,29079
58836,29175
58846,28230
58857,29367
58867,28502
58877,28919
58888,29223
58898,28839
58909,29239
58919,30375
58929,31287
58940,30471
58950,30423
58961,31095
58971,29991
58981,31111
58992,31639
59002,30215
59013,30983
59023,31479
59033,31079
59044,31543
59054,30759
59064,30823
59074,31335
59084,30615
59095,31127
59105,31719
59116,32695
59126,33352
59136,34184
59149,34088
59159,33432
59170,32503
59180,31911
59191,31239
59201,31191
59212,31159
59222,31687
59233,31351
59243,32327
59254,30951
59264,35656
59275,50588
59285,53004
59295,15411
59306,27702
59316,34024
59327,33960
59337,34392
59347,33320
59358,34440
59368,34344
59379,34968
59389,34504
59399,35400
59410,35288
59420,35912
59431,37305
59441,37737
59451,39305
59462,39001
59472,40217
59482,40953
59493,42138
59503,41674
59514,41498
59524,38985
59535,35224
59545,32247
59555,30183
59566,29447
59576,29191
59587,28518
59597,28919
59607,28630
59618,29127
59628,29079
59639,29031
59649,30279
59659,29831
59670,30231
59680,30535
59691,30551
59701,30231
59711,31175
59722,31447
59732,30631
59743,30439
59753,31063
59763,30983
59774,30999
59784,30903
59795,31303
59805,30295
59815,30583
59826,31815
59836,31815
59847,32263
59857,34296
59867,33624
59878,33960
59888,33000
59899,31431
59909,30215
59919,31079
59930,30855
59940,30727
59951,31255
59961,31303
59971,31655
59982,31063
59992,36616

