timestamp,x_accel,y_accel,z_accel,label
160557,8740,13392,836,0
160609,8860,14128,1192,0
160661,8532,14448,988,0
160712,8440,14628,1112,0
160763,8372,14908,1100,0
160814,7960,14880,828,0
160865,7552,14300,616,0
160917,8516,14704,864,0
160968,8492,14836,52,0
161019,8920,13420,-464,0
161070,8868,12540,-1608,0
161121,9372,13032,-2104,0
161172,9760,12996,-2828,0
161224,9672,12520,-3144,0
161275,8856,12232,-3412,0
161326,8812,11756,-2600,0
161377,9052,12580,-2604,0
161428,9840,13600,-2468,0
161479,10160,14336,-2452,0
161531,12464,14840,-1096,0
161582,9888,10728,-1368,0
161666,12024,10336,-1056,0
161718,12928,11472,-384,0
161769,13204,13140,-448,0
161820,11484,12336,-888,0
161871,10868,10028,-1896,0
161922,11696,10908,-1924,0
161974,11168,12652,-2280,0
162025,10364,12252,-2852,0
162076,10540,11708,-2572,0
162127,9748,11556,-3424,0
162178,9188,12144,-4188,0
162230,9336,12300,-4468,0
162281,9084,12744,-4868,0
162332,10428,14372,-3928,0
162383,10504,12632,-3224,0
162434,10476,11524,-3204,0
162485,10176,10924,-3272,0
162537,9952,11648,-2904,0
162588,10784,12380,-2488,0
162642,12696,13464,-1624,0
162694,11044,12976,-1968,0
162746,9264,11220,-2180,0
162797,9568,10680,-1560,0
162848,9992,11256,-940,0
162899,11128,11592,-256,0
162950,11288,12000,172,0
163001,10216,12660,316,0
163053,9344,12436,160,0
163104,9260,12796,316,0
163155,10252,15224,524,0
163206,9116,13964,516,0
163257,8756,12188,96,0
163308,9704,12652,-140,0
163360,10632,13716,-696,0
163411,11788,14744,-520,0
163462,11120,14244,-1968,0
163513,11476,12608,-1540,0
163564,10228,12160,-2216,0
163616,10256,12204,-1760,0
163667,10404,12248,-1700,0
163718,10420,11872,-1772,0
163770,10296,12080,-1864,0
163821,10504,12288,-1844,0
163872,10308,12412,-2536,0
163923,11348,13988,-1876,0
163974,11316,16204,-2016,0
164026,10136,12136,-2124,0
164077,7736,11048,-2360,0
164128,6348,12264,-2448,0
164179,6672,14504,-2848,0
164230,7800,15008,-3060,0
164281,7448,14504,-3808,0
164333,8188,12972,-3724,0
164384,8064,12548,-3728,0
164435,8752,12340,-3544,0
164486,8940,12044,-3764,0
164537,9264,12428,-3676,0
164588,9092,12816,-3748,0
164643,9516,13028,-3504,0
164694,8568,14412,-3716,0
164746,8368,16072,-3272,0
164797,8784,19288,-1780,0
164849,6104,14772,-2308,0
164900,5416,11700,-2440,0
164951,6716,13160,-1492,0
165002,6904,14928,-876,0
165053,7076,16528,-1304,0
165104,7252,16752,-1608,0
165156,6524,15636,-2136,0
165207,6232,13836,-2008,0
165258,6072,13656,-1592,0
165309,7452,14544,-616,0
165360,8480,14224,-740,0
165412,8664,13320,-1016,0
165463,9560,12752,-1060,0
165514,9736,12944,-1060,0
165565,9544,13756,-1556,0
165616,11040,18048,-484,0
165667,8572,15132,-1744,0
165719,8256,10984,-3272,0
165770,6664,13128,-3004,0
165821,6332,15996,-2552,0
165872,6816,14444,-2124,0
165924,5340,14808,-2860,0
165975,5492,15840,-2936,0
166026,5388,15268,-3240,0
166077,6636,14952,-2760,0
166128,6116,14656,-3212,0
166180,7308,13604,-2304,0
166231,7756,13068,-2348,0
166281,8896,12332,-1728,0
166332,10608,11580,-720,0
166383,12636,11696,672,0
166434,12048,13268,-608,0
166486,10260,10620,-1520,0
166537,10256,11008,-1184,0
166588,12056,13148,-356,0
166639,11180,12712,-1168,0
166693,11556,12704,-952,0
166745,10560,12548,-1288,0
166796,11676,12708,-876,0
166847,10972,11688,-1136,0
166899,10880,11328,-1688,0
166950,11664,11508,-1136,0
167000,11944,12404,-756,0
167051,10704,12540,-1816,0
167102,10964,11940,-1608,0
167153,10656,11920,-2344,0
167205,11016,11604,-2256,0
167256,11372,11160,-2948,0
167307,11616,11896,-2696,0
167358,11844,11644,-3248,0
167409,13060,13408,-2328,0
167461,11768,12708,-2636,0
167512,11608,10060,-2808,0
167563,10736,10112,-2576,0
167614,12532,11172,-808,0
167665,11468,11432,-800,0
167716,11856,9908,-592,0
167768,11016,9636,-1240,0
167819,11704,9944,-892,0
167871,11892,10756,-1356,0
167922,13400,11332,-588,0
167973,12664,9572,-1016,0
168024,12792,8748,-1516,0
168075,13072,9880,-1560,0
168127,13828,10476,-1224,0
168178,12612,10548,-2740,0
168229,13588,10076,-2600,0
168280,12088,9884,-3792,0
168331,12648,9664,-4528,0
168382,12068,9412,-4812,0
168434,11384,9564,-4740,0
168485,13236,11616,-3572,0
168536,11908,10620,-2904,0
168587,12476,8940,-3176,0
168640,11732,9388,-4092,0
168722,12780,9416,-3764,0
168774,12644,10036,-4612,0
168825,13756,11076,-3876,0
168877,12828,11424,-3936,0
168928,12216,10468,-3240,0
168980,10980,9764,-4152,0
169031,11988,9244,-4576,0
169081,11088,9752,-4976,0
169132,12052,10296,-5324,0
169183,11880,10508,-5656,0
169234,11804,10064,-5924,0
169286,11148,10204,-6004,0
169337,11316,9928,-6888,0
169388,10772,10312,-6856,0
169439,12168,11688,-6988,0
169490,12052,10640,-5152,0
169541,12464,10100,-4468,0
169593,12652,10816,-3308,0
169644,11368,10820,-2700,0
169695,11256,9840,-1984,0
169746,12732,11068,-1216,0
169797,12572,11776,-1564,0
169849,12108,10692,-1792,0
169900,11496,11056,-2988,0
169952,11448,11488,-2616,0
170003,11032,11240,-2904,0
170054,11128,11472,-3048,0
170105,10884,11660,-3080,0
170156,10552,11592,-3816,0
170208,10824,11740,-3280,0
170259,11112,11252,-3488,0
170309,12052,12644,-2768,0
170360,10720,10908,-3720,0
170411,11600,10920,-4104,0
170462,11460,12056,-4224,0
170514,11924,11648,-3668,0
170565,11608,11412,-3236,0
170616,12284,12036,-3388,0
170669,11648,11680,-4044,0
170721,11296,11744,-4612,0
170772,10220,11264,-5408,0
170823,9712,12140,-6076,0
170874,9880,12548,-5796,0
170926,9636,12260,-6356,0
170977,9584,11692,-5668,0
171029,8976,11292,-6668,0
171080,8892,10544,-6216,0
171130,9436,11164,-6980,0
171181,9220,10636,-7252,0
171232,8312,10344,-7612,0
171283,10044,10200,-7028,0
171335,9116,9488,-6908,0
171386,11072,11700,-5820,0
171437,10336,12116,-6660,0
171488,10896,12052,-5276,0
171539,9744,12276,-5276,0
171591,10040,12684,-5356,0
171642,9332,13192,-6176,0
171693,9052,12848,-7452,0
171744,8224,13012,-7188,0
171795,7232,12456,-7952,0
171846,7840,12248,-8624,0
171898,6700,11796,-9312,0
171949,7080,11660,-8768,0
172000,7240,11184,-8792,0
172052,6476,11156,-9232,0
172103,6296,10488,-10272,0
172154,6344,9944,-9912,0
172205,7104,9852,-9892,0
172256,4748,10404,-10396,0
172307,6764,10368,-9452,0
172359,5968,13132,-9704,0
172410,9236,11104,-7820,0
172461,8580,11160,-8368,0
172512,9040,11484,-7664,0
172563,10972,10548,-5968,0
172614,9160,10288,-7252,0
172669,10288,11748,-5948,0
172720,10672,11388,-5364,0
172771,9608,10904,-5568,0
172822,12464,10160,-4932,0
172874,12424,12036,-5064,0
172925,12892,10148,-6972,0
172977,11448,12852,-6912,0
173028,9668,6872,-8988,0
173079,13212,6580,-8332,0
173130,11004,7912,-10324,0
173181,10568,9992,-9336,0
173233,10796,8260,-9636,0
173284,9924,6964,-9208,0
173334,7680,7064,-9796,0
173385,6248,6712,-10364,0
173436,4432,7112,-10328,0
173487,4572,8284,-11672,0
173539,4624,8304,-11096,0
173590,13908,14692,-8420,0
173640,10416,9400,-8824,0
173691,14192,9812,-8932,0
173742,12296,8764,-8360,0
173793,12580,8280,-8792,0
173845,12724,8424,-8128,0
173896,13504,9928,-6876,0
173947,12296,9392,-7616,0
173998,12436,9876,-7468,0
174049,11848,9448,-7628,0
174100,11512,9112,-7384,0
174152,11856,9588,-7256,0
174203,11576,9096,-7452,0
174254,11704,8168,-7488,0
174305,11740,7816,-8104,0
174356,11672,7880,-8552,0
174407,11332,5116,-9352,0
174459,11124,5012,-10120,0
174510,11188,5244,-9596,0
174561,10572,5244,-9752,0
174612,10784,5928,-9304,0
174666,10396,5880,-7304,0
174718,8324,6724,-7552,0
174769,6984,9148,-8320,0
174820,5440,10464,-11560,0
174871,6768,11712,-12760,0
174922,8108,11900,-12348,0
174974,9892,11088,-12680,0
175025,9776,9224,-11676,0
175076,11456,8316,-9400,0
175127,14728,10532,-6484,0
175179,13996,11072,-5420,0
175230,15492,9476,-5652,0
175281,13492,6152,-6664,0
175332,14392,6400,-6496,0
175383,14252,7532,-6052,0
175434,12580,7528,-7360,0
175486,12408,7716,-6120,0
175537,12108,8700,-5964,0
175588,11140,8424,-5596,0
175639,10932,7268,-6364,0
175690,10660,7580,-7804,0
175742,10960,7396,-8292,0
175793,11240,6868,-9168,0
175844,11144,7172,-10700,0
175895,12920,7112,-9660,0
175946,15668,10368,-8748,0
175997,14404,10648,-6188,0
176049,12564,4256,-6484,0
176100,12124,4588,-6740,0
176152,15424,7912,-4824,0
176203,14972,8596,-4700,0
176254,12024,7712,-6760,0
176305,11952,7980,-7000,0
176356,11632,8396,-6996,0
176407,12120,6812,-8488,0
176459,10244,7936,-8872,0
176510,10940,9624,-7916,0
176561,9276,8620,-8348,0
176612,9980,7200,-8976,0
176697,15064,11124,-12296,0
176748,9220,892,-11372,0
176799,16468,4776,-10712,0
176851,12340,6504,-10984,0
176902,13388,5860,-7892,0
176953,10384,5172,-7472,0
177004,11900,8392,-6280,0
177055,10180,8548,-7204,0
177107,10776,8268,-7812,0
177158,9204,7340,-9804,0
177210,10784,7516,-10244,0
177261,8576,7568,-11960,0
177312,9900,5880,-12648,0
177363,8532,5448,-15140,0
177414,10620,5200,-14168,0
177465,12932,4988,-14128,0
177516,14580,7200,-11192,0
177568,16908,8492,-7640,0
177619,13540,6252,-7336,0
177670,13472,5912,-7952,0
177721,13352,4712,-8500,0
177772,12720,4772,-9316,0
177824,10652,4160,-10148,0
177875,9372,4408,-9640,0
177926,9728,4544,-8008,0
177977,11092,6360,-7108,0
178028,10276,8048,-7676,0
178079,11812,6944,-8552,0
178131,13828,9396,-8764,0
178183,13672,8396,-10268,0
178234,11828,6400,-10612,0
178285,10408,5628,-11128,0
178336,11496,5428,-11228,0
178387,12180,5208,-11724,0
178438,11792,5968,-12368,0
178490,10508,5420,-12096,0
178541,11828,5900,-11536,0
178592,11080,7032,-11468,0
178645,9696,7548,-11924,0
178697,10972,7292,-10800,0
178747,9956,7332,-11612,0
178798,8620,5896,-11780,0
178849,10424,6436,-11848,0
178900,9484,5040,-11732,0
178952,9876,5464,-12696,0
179003,8708,5112,-15040,0
179054,7652,4108,-14260,0
179105,6028,2836,-13040,0
179157,3892,1508,-13724,0
179209,5240,612,-13200,0
179260,7168,-684,-13424,0
179311,6032,328,-15728,0
179362,5872,-96,-15824,0
179413,5284,-1244,-15996,0
179464,8144,-1588,-16224,0
179516,6132,-2196,-16692,0
179567,5052,-2664,-15808,0
179617,5288,-4012,-14024,0
179668,5652,-4584,-13924,0
179719,6688,-3316,-15160,0
179770,6044,-3076,-15764,0
179822,5932,-3208,-15804,0
179873,5592,-2864,-15812,0
179924,5308,-2632,-15356,0
179975,7028,-2116,-15384,0
180026,4484,-1300,-14584,0
180077,3696,-2564,-13104,0
180129,8264,1600,-10388,0
180180,7252,720,-10492,0
180231,6396,3444,-9388,0
180283,15648,9076,-8804,0
180334,9424,5776,-9876,0
180385,9192,8612,-10084,0
180436,15164,12432,-6424,0
180487,10292,11820,-8284,0
180538,11732,16424,-5916,0
180590,12180,16688,-3728,0
180644,9148,17344,-3396,0
180695,11844,15244,-2368,0
180746,11708,15124,-1644,0
180798,10664,13544,-4056,0
180849,11772,11596,-3176,0
180900,9708,11048,-4860,0
180951,9456,10940,-6304,0
181002,8764,10164,-6740,0
181054,7512,9340,-7464,0
181105,7148,10252,-9216,0
181156,5256,9648,-10216,0
181207,7896,9416,-9624,0
181258,10780,9420,-8900,0
181309,12824,8480,-6484,0
181361,13128,8456,-4548,0
181412,12956,8332,-1924,0
181463,11036,8380,-2552,0
181514,10688,9620,-2872,0
181565,12076,10988,-3856,0
181617,14344,9800,-2684,0
181668,12488,9212,-3952,0
181719,13828,9664,-2648,0
181770,14716,9740,-660,0
181821,13000,9664,-1680,0
181872,14096,12052,-1260,0
181924,12976,11320,-1264,0
181975,12728,11944,-1392,0
182025,11668,12892,-1492,0
182076,10076,12876,-1712,0
182127,11228,12928,-564,0
182178,10324,10996,636,0
182230,13276,9928,1956,0
182282,11968,8340,2896,0
182333,14244,9616,3692,0
182384,13500,10168,3372,0
182435,12296,11004,1988,0
182486,12056,10200,1932,0
182538,11996,10364,1200,0
182589,11788,10748,880,0
182640,11508,11036,984,0
182694,12448,10976,1796,0
182745,10868,11136,1348,0
182797,13292,11124,4552,0
182847,10448,9544,2784,0
182898,11488,9404,2840,0
182949,9248,8444,1128,0
183000,11088,11568,1380,0
183052,11660,10416,2044,0
183103,13528,12044,3456,0
183154,11388,10904,1484,0
183205,13084,9324,2188,0
183257,12984,10428,3100,0
183308,12528,11360,2440,0
183360,14864,12300,3216,0
183411,14156,11468,3064,0
183462,11720,9532,3472,0
183513,13292,10576,4180,0
183564,11548,9828,3884,0
183615,12708,10664,2604,0
183666,10776,10088,2904,0
183718,13108,10408,4692,0
183769,9784,10964,3348,0
183820,11424,10836,7308,0
183871,12372,10512,3288,0
183922,13488,8044,3756,0
183973,10256,12160,4428,0
184025,12584,9668,2708,0
184076,11260,8964,5600,0
184127,14692,12556,-728,0
184178,11636,7088,7920,0
184229,11716,13544,544,0
184281,11908,9800,3080,0
184332,12308,11172,2648,0
184384,12720,10428,3308,0
184435,12976,10084,3000,0
184486,13228,10432,2256,0
184537,11276,9492,2648,0
184588,10872,12860,480,0
184640,12444,12292,1832,0
184691,11744,11708,3116,0
184772,12892,10000,2872,0
184823,11584,10476,2740,0
184874,12912,10492,436,0
184926,11452,12496,2756,0
184977,9116,13352,3860,0
185028,11432,12092,2032,0
185079,11480,13048,3576,0
185130,10224,13904,4272,0
185181,11044,12728,7116,0
185233,9212,12388,3452,0
185284,11308,12364,4788,0
185335,10400,11124,5216,0
185387,11580,11476,4708,0
185438,10416,11640,3760,0
185489,11412,12204,3508,0
185540,10840,12380,3284,0
185591,10532,12200,2496,0
185643,10284,11824,1828,0
185694,10712,11588,1952,0
185745,10436,11504,1528,0
185796,10160,11724,1316,0
185847,10348,12048,1248,0
185898,10384,11948,856,0
185950,11420,11752,1556,0
186001,11144,12040,1744,0
186051,11692,11496,2088,0
186102,11984,10780,1184,0
186153,13728,12140,288,0
186204,13004,10880,-2380,0
186256,13372,11956,-3316,0
186307,12172,11588,-5056,0
186359,11848,10760,-6172,0
186410,11512,10740,-6308,0
186461,11280,10900,-6648,0
186512,10528,10472,-7212,0
186563,9604,9556,-7968,0
186614,9920,9548,-8624,0
186666,8216,9228,-9708,0
186717,8912,10156,-9988,0
186771,6536,9676,-11068,0
186822,6760,10244,-11336,0
186874,5788,10172,-12068,0
186925,3696,8288,-10800,0
186976,364,9736,-11692,0
187027,-444,8964,-12428,0
187078,-2176,7700,-12072,0
187130,-1176,9732,-13448,0
187181,108,9888,-12616,0
187231,-1808,10780,-13432,0
187282,-120,10500,-12804,0
187333,-940,10032,-12476,0
187385,-1184,9952,-12252,0
187436,-1996,9340,-12180,0
187488,-1412,9820,-12416,0
187539,-1748,9380,-12216,0
187590,-840,9092,-12420,0
187641,-428,8588,-12736,0
187692,272,8476,-12644,0
187743,1348,7944,-12460,0
187795,1680,7988,-12244,0
187846,3640,7852,-13040,0
187896,3716,7612,-13544,0
187947,5140,7588,-13780,0
187998,4876,8332,-13808,0
188049,5648,7536,-13860,0
188101,7448,7332,-11820,0
188152,9732,7584,-10492,0
188203,9208,6964,-11996,0
188254,9788,8508,-11580,0
188305,15176,9676,-11348,0
188356,13908,7628,-9904,0
188408,14464,6752,-9048,0
188459,14108,6128,-7908,0
188510,16112,6600,-7392,0
188562,16140,6544,-6504,0
188613,15760,5840,-6912,0
188664,12812,5836,-7052,0
188715,12992,6924,-7160,0
188769,13040,7716,-7084,0
188821,11872,8008,-7508,0
188872,11576,6568,-8228,0
188923,11052,6832,-8860,0
188974,10844,7328,-9448,0
189025,11596,7224,-9816,0
189077,11544,6856,-10108,0
189128,12804,7688,-9112,0
189179,13788,7872,-7908,0
189230,10792,5128,-7388,0
189281,10416,2964,-8576,0
189333,13824,5980,-7188,0
189384,14576,8620,-7184,0
189435,14240,4232,-8404,0
189487,13868,4372,-8380,0
189538,14056,6272,-8320,0
189589,13604,5056,-8372,0
189640,13944,6476,-9300,0
189691,12740,6696,-9636,0
189742,11756,7572,-10420,0
189794,10400,5676,-9828,0
189845,7860,6072,-9744,0
189895,7504,5908,-9024,0
189946,6664,10260,-8224,0
189997,5496,12068,-9152,0
190048,5152,12724,-10012,0
190100,8076,11316,-8916,0
190151,9100,12016,-7848,0
190202,10328,9644,-7380,0
190253,12488,5544,-5756,0
190304,14996,8008,-5060,0
190356,15476,8692,-5612,0
190407,13480,9760,-4568,0
190458,14828,9520,-4308,0
190510,12544,9396,-4520,0
190561,14144,9064,-3688,0
190611,13128,10500,-4288,0
190662,13472,10556,-5136,0
190713,12404,9868,-6568,0
190767,13120,11468,-6624,0
190818,12276,9960,-7548,0
190869,12496,5348,-8016,0
190920,11028,3308,-8692,0
190972,10676,5228,-9868,0
191023,12736,6300,-9376,0
191073,11908,4268,-10268,0
191124,11816,4636,-11216,0
191175,10884,5908,-11864,0
191226,11876,5760,-10716,0
191278,10300,4988,-11236,0
191329,8300,4260,-10816,0
191380,8200,4628,-10824,0
191431,8524,5456,-9180,0
191483,12196,6504,-8260,0
191535,17956,10228,-7092,0
191586,15424,12608,-7544,0
191637,12516,7500,-10260,0
191688,11844,5976,-9060,0
191739,11356,5608,-8912,0
191790,11916,6240,-8692,0
191842,12880,6992,-8340,0
191893,12672,6244,-8704,0
191943,12808,5812,-8792,0
191994,12576,5216,-8940,0
192045,11432,4888,-9400,0
192096,11732,6604,-9564,0
192148,8856,4924,-10976,0
192199,9152,2408,-12104,0
192250,10404,4844,-11972,0
192301,8696,7516,-12440,0
192352,9096,6332,-12588,0
192403,9760,4740,-12712,0
192455,10840,5088,-12024,0
192507,9500,5420,-12976,0
192558,9364,5708,-12540,0
192608,8908,5228,-12420,0
192659,10120,4356,-11916,0
192710,11028,3316,-11324,0
192792,14304,4804,-9572,0
192844,16424,5056,-7396,0
192895,16672,6016,-6412,0
192946,14220,6156,-6572,0
192997,13080,5260,-7180,0
193048,13576,4408,-6124,0
193100,11252,3136,-5584,0
193151,15688,5212,-7476,0
193202,12460,8400,-10420,0
193253,10852,9976,-11748,0
193304,9324,8100,-13028,0
193356,9876,7664,-12384,0
193407,8944,6904,-11260,0
193458,6692,7392,-11316,0
193509,6636,7040,-10752,0
193561,6432,8460,-11144,0
193612,7728,7552,-9796,0
193664,11848,10096,-10824,0
193715,13300,6244,-9980,0
193765,12112,3440,-10232,0
193816,10764,5352,-10884,0
193867,10196,7012,-10724,0
193918,12100,8176,-10412,0
193970,10364,8956,-10896,0
194021,8916,8980,-11380,0
194072,9416,9008,-11220,0
194123,9248,9852,-10908,0
194174,8736,9520,-11300,0
194225,6912,9504,-11212,0
194277,5248,7096,-12024,0
194328,5508,6328,-12280,0
194379,6260,7752,-12672,0
194430,8248,9484,-12324,0
194481,9120,11532,-11948,0
194532,7804,8004,-12120,0
194584,6616,6600,-13280,0
194636,8888,7304,-12644,0
194687,10652,7720,-11436,0
194738,6808,8336,-12148,0
194792,7900,8712,-13056,0
194844,6564,10888,-10900,0
194895,4832,10624,-10948,0
194946,4644,9024,-10960,0
194997,4152,7628,-12672,0
195048,4460,7512,-13104,0
195100,3112,7688,-13416,0
195151,4244,7440,-12744,0
195202,4964,7176,-12712,0
195253,9328,5952,-13992,0
195304,14144,8160,-11888,0
195356,15720,5248,-9376,0
195407,16048,3756,-9360,0
195458,13388,3988,-9572,0
195509,12684,3192,-9896,0
195560,11924,5428,-9632,0
195612,11264,5728,-9752,0
195664,11156,5368,-10048,0
195715,9004,5432,-10876,0
195766,8480,5712,-11392,0
195817,9108,6328,-11388,0
195868,9188,7104,-11844,0
195919,8292,6928,-12592,0
195971,7892,6812,-12476,0
196022,7680,7540,-12296,0
196073,8004,7212,-11872,0
196124,10744,7144,-12036,0
196175,12200,8504,-11524,0
196226,11756,7136,-9384,0
196278,9544,5384,-8592,0
196329,9732,6376,-9268,0
196380,10680,8712,-10396,0
196431,11612,8008,-11184,0
196482,10744,6584,-11040,0
196533,8496,7292,-10824,0
196585,9704,8132,-10188,0
196636,8748,7988,-9864,0
196687,9468,7064,-9292,0
196738,10464,6816,-9308,0
196793,12500,9048,-9604,0
196844,11964,10276,-10192,0
196895,12576,10424,-9496,0
196947,10728,6456,-9296,0
197002,12332,6084,-9656,0
197053,12108,7892,-10580,0
197105,10524,6552,-10928,0
197156,11156,6724,-10692,0
197207,8336,7884,-12068,0
197258,5676,7592,-12732,0
197309,6052,7648,-12076,0
197361,6808,8616,-10972,0
197412,6196,9248,-11516,0
197463,6168,9640,-12060,0
197514,5576,10332,-12008,0
197565,5044,10384,-12832,0
197616,4916,10292,-12428,0
197669,3784,10168,-13612,0
197720,4160,10144,-13616,0
197770,3248,10052,-14700,0
197821,4040,9932,-13276,0
197872,2804,9804,-13320,0
197923,2824,10060,-11620,0
197975,4316,9776,-10408,0
198026,2436,9296,-10464,0
198077,2476,8836,-10492,0
198128,2516,8484,-9280,0
198179,3604,9180,-8820,0
198230,2600,10744,-6376,0
198282,2864,11560,-6392,0
198333,4648,12852,-3880,0
198384,7212,16652,-6036,0
198435,8636,16220,-5320,0
198486,8312,15788,-6680,0
198537,7512,17428,-6296,0
198589,9552,16300,-5072,0
198640,9976,13688,-2796,0
198692,9684,15200,-1652,0
198743,8688,14520,-352,0
198797,7544,14336,-508,0
198848,8628,15140,244,0
198900,6412,15780,-1292,0
198951,5732,15928,-1464,0
199002,6016,15860,-1924,0
199053,6372,15800,-1188,0
199104,6824,16148,-1916,0
199155,6516,16336,-2812,0
199207,7236,16504,-2560,0
199258,7944,15800,-2528,0
199309,7112,15472,-2668,0
199360,7456,15008,-2804,0
199411,7592,14360,-2640,0
199462,7600,14240,-3412,0
199514,7388,13856,-3100,0
199565,7840,14412,-3260,0
199616,7032,11888,-4836,0
199667,7140,12568,-5916,0
199719,7308,12496,-6564,0
199770,6476,12636,-6544,0
199822,6952,12140,-6244,0
199873,6612,11660,-6068,0
199924,7140,12000,-5708,0
199975,8200,11800,-5036,0
200026,7820,12420,-5620,0
200078,8440,12844,-5688,0
200129,8664,12440,-5532,0
200180,8600,11620,-5732,0
200231,9624,11896,-4940,0
200282,11044,12888,-3044,0
200333,10432,13320,-3716,0
200385,11116,14012,-3344,0
200436,10920,13744,-3952,0
200487,9420,13928,-4068,0
200538,8764,14100,-5692,0
200589,9348,15380,-4444,0
200640,9248,14732,-4140,0
200692,9332,13368,-2052,0
200743,9252,12912,-2488,0
200826,9188,11480,-1592,0
200878,9492,11548,-1472,0
200929,8712,11944,-2028,0
200980,9044,13460,-2172,0
201031,8384,13900,-3296,0
201083,8324,15648,-4528,0
201134,9024,15424,-5300,0
201184,8604,14884,-5708,0
201235,7568,14496,-6016,0
201286,6712,14704,-5864,0
201337,6512,14884,-5396,0
201389,6052,13968,-5040,0
201440,5736,13620,-5676,0
201491,6252,13504,-5600,0
201542,5788,13088,-6124,0
201593,6416,12188,-6876,0
201644,7224,12344,-7152,0
201696,7456,11700,-7804,0
201747,7524,13804,-7556,0
201798,7688,11424,-7464,0
201849,7376,11780,-7256,0
201900,7320,11644,-7244,0
201952,7660,11084,-6764,0
202003,7580,11348,-5948,0
202054,7236,11728,-5768,0
202105,7508,12476,-5180,0
202156,6560,12696,-5452,0
202207,7088,13532,-5336,0
202259,8548,14260,-3904,0
202310,7692,14368,-4160,0
202361,8596,14508,-3488,0
202412,9352,14568,-2604,0
202463,8628,14152,-3468,0
202514,9616,15140,-1692,0
202566,9460,14856,-1748,0
202617,9688,15612,-1628,0
202668,9380,14924,-2572,0
202719,10228,14296,-1952,0
202770,11524,13624,-1968,0
202826,11248,12392,-3148,0
202877,11928,11512,-3180,0
202928,12024,10496,-4404,0
202979,11796,9268,-5688,0
203031,12644,9288,-7420,0
203082,12400,8716,-9408,0
203133,11208,8264,-11784,0
203184,11080,9128,-11948,0
203235,10400,10200,-11160,0
203286,8696,9772,-10604,0
203338,7648,10056,-9476,0
203389,6328,10112,-9792,0
203440,4184,11604,-10336,0
203491,3364,11548,-10672,0
203542,1204,10908,-10676,0
203594,724,9940,-11316,0
203645,-1280,8864,-10820,0
203695,-3336,8468,-10988,0
203746,-3880,8756,-10280,0
203797,-4292,9484,-10932,0
203849,-6836,9628,-10396,0
203900,-6492,10268,-10668,0
203952,-5424,9708,-10308,0
204003,-5312,10192,-10744,0
204054,-4648,10256,-10468,0
204105,-2696,11024,-10696,0
204156,-2444,10460,-10556,0
204208,-2292,9664,-11440,0
204259,-80,7864,-11640,0
204310,248,8168,-11952,0
204361,2028,6708,-12500,0
204412,4400,7920,-11856,0
204463,6296,9880,-12736,0
204515,8616,10780,-13308,0
204566,9540,10844,-15564,0
204617,9232,11892,-16064,0
204668,7856,12228,-16656,0
204719,6688,12016,-14892,0
204770,5988,10960,-12896,0
204824,5364,11484,-12780,0
204877,3840,11168,-13004,0
204928,2292,10780,-13076,0
204979,1260,9336,-13308,0
205030,584,8504,-11996,0
205081,-2084,8568,-13212,0
205133,-2736,8092,-13636,0
205184,2568,8528,-11012,0
205235,-3552,6780,-13328,0
205286,-2352,6032,-13544,0
205337,576,5004,-11564,0
205388,-2736,5720,-15272,0
205440,-132,5932,-14892,0
205491,-536,4864,-16444,0
205542,-2396,4880,-17632,0
205593,-628,4292,-16736,0
205644,-3272,4152,-15076,0
205695,-2708,4292,-14380,0
205747,-4052,3948,-14868,0
205798,-3508,3696,-15108,0
205849,-2876,3272,-16404,0
205900,-1304,2216,-16808,0
205951,-12,640,-16328,0
206002,-40,820,-17148,0
206054,1980,120,-16184,0
206105,228,28,-15572,0
206156,572,-1512,-16744,0
206207,3404,-492,-17240,0
206258,3376,196,-16884,0
206309,3528,-212,-16932,0
206361,2792,-1176,-16020,0
206412,2804,-2036,-15528,0
206463,1176,-924,-16200,0
206514,2492,-1628,-15804,0
206565,1968,-1268,-17348,0
206616,2132,-1240,-17240,0
206668,704,-492,-17168,0
206719,0,-272,-15716,0
206770,-284,496,-16680,0
206823,-1556,884,-15912,0
206875,-3176,1172,-16052,0
206926,-2744,2436,-15292,0
206977,-4360,2776,-14896,0
207028,-4904,3620,-14824,0
207080,-5016,3552,-14416,0
207131,-3872,4256,-14480,0
207182,-2464,4152,-14680,0
207233,-1276,4364,-13732,0
207284,1164,5100,-13876,0
207335,2300,4148,-10832,0
207387,3860,6048,-13672,0
207438,3660,4924,-13816,0
207489,5544,7772,-13564,0
207540,5424,7864,-15608,0
207591,7052,10096,-14660,0
207642,7956,9708,-13836,0
207694,8904,9876,-13568,0
207745,8216,10448,-12620,0
207796,10376,11080,-12096,0
207847,9360,9248,-11852,0
207898,8028,9908,-14216,0
207950,8292,9520,-15280,0
208001,8992,9972,-16676,0
208053,9728,9416,-15332,0
208104,9640,8348,-13724,0
208155,9256,7496,-13740,0
208206,7492,5980,-12408,0
208257,8188,5792,-13020,0
208309,6776,4444,-12516,0
208360,6644,4576,-13256,0
208411,4720,3764,-13660,0
208462,4208,4300,-14564,0
208513,3908,3984,-13632,0
208564,3268,4288,-13184,0
208616,4068,4616,-12896,0
208667,1772,5356,-13880,0
208718,580,6032,-15280,0
208769,-756,5704,-15536,0
208854,-432,5984,-15200,0
208905,-408,6692,-14976,0
208957,-352,6344,-14564,0
209008,-440,6504,-14608,0
209060,144,6508,-13832,0
209110,304,6716,-13888,0
209161,368,7360,-13380,0
209212,824,8448,-13472,0
209263,1088,8576,-13744,0
209315,1216,8976,-13044,0
209366,2788,9836,-9612,0
209417,3428,11912,-9888,0
209468,3464,12444,-11308,0
209519,4816,11884,-9860,0
209570,4592,12412,-10004,0
209622,4720,13116,-11296,0
209673,5048,13908,-11604,0
209724,6904,14340,-10532,0
209775,6848,14660,-9840,0
209826,5096,14328,-10596,0
209877,5612,15012,-9936,0
209929,4884,15084,-10500,0
209980,5112,14780,-9548,0
210031,5672,14528,-9824,0
210083,6532,13832,-9756,0
210134,5976,13712,-9840,0
210185,5512,12004,-11724,0
210236,5380,11740,-12788,0
210287,5584,11384,-12964,0
210339,5728,10312,-12492,0
210390,5416,10160,-14544,0
210441,4880,8132,-14296,0
210492,4180,6720,-13456,0
210543,2992,4976,-12744,0
210594,2476,4904,-12988,0
210646,1460,4780,-13732,0
210697,640,5224,-14228,0
210747,-212,5288,-13980,0
210798,-1144,5444,-12708,0
210852,-2064,6060,-11572,0
210904,-4672,7256,-11988,0
210955,-4648,8392,-12216,0
211006,-5292,8772,-12268,0
211058,-4880,9152,-12148,0
211110,-5984,9836,-12604,0
211161,-5480,11408,-13620,0
211212,-6208,11136,-13692,0
211263,-5708,10988,-13864,0
211314,-5532,9828,-12760,0
211365,-5612,9740,-12728,0
211417,-4676,9348,-11712,0
211468,-4912,9236,-11060,0
211518,-4652,9688,-11044,0
211569,-4616,9804,-11148,0
211620,-3344,10824,-11592,0
211671,-2904,9948,-11732,0
211723,-2004,10076,-12732,0
211774,-1472,10280,-12924,0
211825,-448,8844,-12508,0
211876,344,9776,-13180,0
211927,516,9592,-14560,0
211978,368,10252,-15060,0
212030,624,10612,-15316,0
212081,188,10216,-14288,0
212132,1784,10700,-12728,0
212184,1616,9960,-11948,0
212235,1900,8948,-11632,0
212286,1636,6936,-12440,0
212337,3216,7536,-11964,0
212388,3836,7616,-12340,0
212440,5372,8084,-12868,0
212491,6620,9932,-12356,0
212542,6336,10200,-12764,0
212593,6776,10456,-12300,0
212644,6928,10796,-12372,0
212695,6760,11132,-13524,0
212747,7976,10804,-13116,0
212801,7692,10540,-12616,0
212852,8600,9924,-11176,0
212903,9764,10904,-10172,0
212955,8784,8700,-9440,0
213006,9116,8972,-10104,0
213057,8936,8324,-10116,0
213109,9208,8480,-10200,0
213160,9088,8288,-10304,0
213212,8588,8652,-10020,0
213263,8260,8852,-10520,0
213313,8540,9520,-10804,0
213364,7360,10120,-11548,0
213415,6728,9900,-10948,0
213466,5096,10868,-11860,0
213518,5216,11324,-11800,0
213569,5052,11168,-11740,0
213620,5744,10644,-11136,0
213671,4984,9856,-11508,0
213722,7792,9204,-9352,0
213773,7280,9816,-9504,0
213825,8048,10408,-9012,0
213876,8484,10764,-9072,0
213927,8144,11168,-9612,0
213978,7556,11424,-9360,0
214029,9144,11696,-8924,0
214081,7736,11056,-8644,0
214132,8516,11308,-8024,0
214184,7192,11500,-8180,0
214235,7400,11412,-7480,0
214286,6724,12208,-6936,0
214337,7536,14136,-6472,0
214388,6192,14324,-6356,0
214440,6816,15028,-6288,0
214491,6532,14468,-6012,0
214542,6736,14260,-6064,0
214593,7156,14964,-5256,0
214644,7416,14228,-5360,0
214695,6800,13620,-5116,0
214747,8448,14448,-4916,0
214801,8664,15176,-4704,0
214852,8632,14152,-5100,0
214903,9980,14112,-4788,0
214954,10212,13584,-4908,0
215006,9876,13208,-5496,0
215057,10372,12664,-5912,0
215108,11512,11440,-5712,0
215160,10144,10296,-6908,0
215211,10236,8892,-7860,0
215263,10456,8176,-7916,0
215314,9896,8044,-8384,0
215365,9704,8800,-8452,0
215416,9924,8924,-8100,0
215467,9996,8424,-8180,0
215519,9780,8340,-8688,0
215570,10096,8304,-9000,0
215621,9924,8612,-9248,0
215672,10136,8760,-9876,0
215723,10152,8396,-10064,0
215774,10896,8184,-10460,0
215826,11268,8492,-9964,0
215877,11108,7532,-10044,0
215928,11332,7676,-10424,0
215979,11644,7008,-10100,0
216030,11220,7060,-10800,0
216081,11672,6708,-9644,0
216133,11316,6320,-10144,0
216184,12168,6548,-10288,0
216236,11564,6920,-10872,0
216287,14344,7308,-9768,0
216337,15648,3912,-8368,0
216388,16984,1868,-7824,0
216439,14472,600,-7256,0
216490,15436,148,-7648,0
216542,13192,560,-7964,0
216593,11740,1012,-8824,0
216644,11744,1572,-8976,0
216695,11064,2796,-9296,0
216746,9940,3280,-8800,0
216830,9148,4752,-10664,0
216882,8832,5232,-12952,0
216933,10412,7336,-14288,0
216984,6936,7712,-14112,0
217035,7772,8080,-11692,0
217086,6496,10076,-13824,0
217138,7716,8912,-12800,0
217189,7892,9244,-13664,0
217240,7372,8988,-12680,0
217291,7328,8900,-12132,0
217343,5980,9352,-12708,0
217394,6376,9828,-13236,0
217445,7108,9388,-12288,0
217496,6620,8744,-12976,0
217547,7844,7996,-12124,0
217598,8716,7336,-14512,0
217650,10404,5396,-12268,0
217701,10580,4416,-12476,0
217751,10660,3864,-12356,0
217802,9440,3320,-12220,0
217853,8472,3968,-12852,0
217904,7468,4140,-13212,0
217956,6624,3776,-13708,0
218007,6148,3880,-15064,0
218058,5404,3700,-15400,0
218109,5548,4224,-15700,0
218160,4716,3592,-14304,0
218211,5384,4340,-14712,0
218263,6724,6012,-13688,0
218315,7408,5620,-14716,0
218366,6348,4632,-12708,0
218417,9660,4952,-12308,0
218468,6120,3476,-14196,0
218519,9472,5156,-13528,0
218571,8068,4808,-14404,0
218622,8408,4884,-14436,0
218673,6324,5864,-15128,0
218724,3384,5808,-14884,0
218775,4500,7240,-15216,0
218829,4396,7380,-14688,0
218881,3776,7980,-13464,0
218932,2692,8208,-13308,0
218983,4380,7292,-12756,0
219034,3224,6808,-13348,0
219086,4672,7800,-14600,0
219137,4608,7444,-14084,0
219188,4552,9720,-15040,0
219239,4004,9512,-13168,0
219291,4072,9308,-16008,0
219342,2716,7012,-10948,0
219394,7864,10072,-15348,0
219445,2508,8880,-14332,0
219496,3752,10072,-14472,0
219547,1420,8776,-13800,0
219598,1040,8252,-13396,0
219649,1384,9840,-13408,0
219701,724,9520,-12940,0
219752,-456,10024,-12372,0
219803,488,10360,-11856,0
219854,228,11072,-12680,0
219905,-100,10392,-12764,0
219956,120,9528,-12940,0
220008,80,9056,-13436,0
220059,-2068,8628,-13168,0
220110,-1716,9664,-12072,0
220161,-1500,10944,-12408,0
220212,-1108,10480,-12076,0
220264,-444,10464,-10668,0
220315,-1012,11640,-11468,0
220367,-2480,11836,-10976,0
220418,-2704,12076,-11144,0
220469,-2020,12252,-9692,0
220520,-908,14036,-9432,0
225578,3432,1996,-16068,1
225672,4440,3164,-18276,1
225723,4740,4424,-17540,1
225774,4308,4692,-17804,1
225825,5348,3588,-17128,1
225879,5168,3152,-16896,1
225931,4712,2380,-15260,1
225982,4816,3388,-14372,1
226033,4016,3808,-14900,1
226085,2304,3752,-14704,1
226136,2136,6160,-15280,1
226187,612,6280,-15288,1
226238,-1584,7144,-16316,1
226289,-3012,7220,-14980,1
226340,-1532,6300,-11288,1
226391,-4628,8476,-10712,1
226443,-4888,11440,-9444,1
226494,-5252,10704,-9796,1
226545,-5644,10296,-10560,1
226596,-3720,10676,-11408,1
226647,-5704,10004,-12584,1
226699,-3248,11236,-12156,1
226751,-3000,9700,-12756,1
226802,-1492,9148,-13632,1
226853,-1804,9248,-14608,1
226904,-528,9464,-13736,1
226955,-200,9856,-13988,1
227007,520,9520,-13328,1
227058,288,10000,-14496,1
227109,-1340,10772,-14800,1
227160,816,11336,-12456,1
227211,-892,10248,-11188,1
227262,-2708,11000,-10852,1
227314,-5164,12516,-12312,1
227365,-3904,15204,-12340,1
227416,-3216,13692,-10808,1
227467,172,12208,-9588,1
227518,-1448,9600,-10888,1
227569,-216,10772,-12932,1
227621,828,9144,-13184,1
227672,4524,6648,-15080,1
227723,5044,5668,-14148,1
227774,2452,4200,-16068,1
227825,2056,3000,-16836,1
227880,2880,4796,-15860,1
227931,3340,4848,-14736,1
227982,2124,4328,-14368,1
228033,2324,5264,-14352,1
228085,4288,6180,-14976,1
228136,3396,6800,-14368,1
228187,1168,6596,-13996,1
228238,3160,8480,-12708,1
228289,5172,9624,-15928,1
228340,3332,7284,-15444,1
228392,3816,6576,-14636,1
228443,1932,6504,-15544,1
228494,2888,6692,-15484,1
228545,3752,7004,-13892,1
228596,764,5932,-16036,1
228647,2868,6712,-15568,1
228699,1296,4524,-15456,1
228750,2692,6416,-16352,1
228801,1976,4340,-15372,1
228852,1872,5256,-15152,1
228904,776,6188,-14816,1
228955,964,6692,-15564,1
229006,-348,6020,-14964,1
229057,268,5368,-15288,1
229108,568,5916,-15448,1
229159,-620,4348,-15892,1
229211,-360,4368,-15748,1
229262,184,4192,-15776,1
229313,600,4156,-15224,1
229364,-448,3792,-15536,1
229415,-484,4052,-15896,1
229466,676,4188,-16088,1
229518,88,4216,-16112,1
229569,968,4456,-15940,1
229620,336,4132,-15688,1
229671,1028,4680,-15772,1
229722,1308,4832,-15512,1
229774,1600,4744,-15564,1
229825,1820,5152,-15896,1
229908,1600,5128,-15476,1
229960,2220,4848,-15364,1
230011,2328,5304,-15404,1
230062,3104,5020,-14712,1
230113,2416,6180,-15924,1
230165,2544,5600,-16084,1
230216,2340,5232,-15456,1
230266,2872,5564,-15060,1
230317,2852,6244,-15300,1
230368,3604,5860,-14552,1
230419,2480,6180,-15752,1
230471,4740,6256,-15664,1
230522,3420,5688,-15280,1
230572,3156,5564,-15944,1
230623,4172,6340,-15140,1
230674,3628,6480,-15064,1
230725,3588,6228,-14156,1
230777,3416,6044,-15864,1
230828,3792,6880,-14788,1
230880,3420,6776,-14456,1
230931,3640,6764,-14288,1
230982,4212,7504,-14472,1
231033,3276,6004,-15624,1
231084,3716,5772,-14744,1
231136,3740,7312,-13588,1
231187,4272,8452,-13500,1
231238,4352,7776,-13140,1
231289,3972,6824,-14112,1
231340,5572,8020,-14676,1
231391,6540,7816,-15464,1
231443,5944,4100,-14876,1
231494,5752,4028,-16000,1
231545,6296,2428,-13604,1
231596,5636,5672,-16652,1
231647,5796,5968,-15708,1
231698,3924,6052,-16376,1
231750,2112,5340,-15156,1
231801,1428,4400,-13024,1
231852,2240,3004,-11040,1
231906,3184,3620,-10908,1
231958,6436,4600,-9888,1
232008,6276,5904,-11552,1
232059,5692,6016,-13932,1
232110,7864,8284,-14188,1
232161,5352,5696,-14096,1
232213,7600,6348,-14888,1
232264,6324,4928,-12612,1
232315,7364,2508,-11452,1
232366,9228,4296,-11424,1
232417,7980,4504,-9968,1
232468,12912,3796,-10544,1
232520,10284,3508,-10188,1
232571,13060,5356,-12020,1
232622,13416,7336,-13872,1
232673,15568,6484,-13496,1
232724,13952,6220,-14260,1
232776,14156,7720,-15240,1
232827,12052,7556,-15556,1
232878,11512,6496,-14112,1
232930,10724,5336,-12804,1
232981,10368,4648,-11568,1
233032,9656,4580,-10324,1
233083,10224,4576,-10132,1
233134,10584,5000,-10224,1
233186,10772,5356,-10396,1
233237,10676,5740,-11132,1
233288,11500,5836,-11056,1
233339,11828,6156,-11484,1
233390,11728,5836,-11364,1
233441,11672,5828,-11404,1
233493,11444,6152,-11364,1
233544,12244,6104,-11460,1
233595,12324,5980,-11532,1
233646,12496,5968,-11772,1
233697,12268,5904,-11964,1
233748,13116,6212,-12368,1
233800,11984,6056,-12700,1
233851,11272,6272,-12632,1
233905,10016,5612,-11572,1
233957,9156,5336,-9656,1
234008,8904,4732,-8108,1
234059,8660,4992,-8176,1
234110,8424,4240,-8500,1
234162,9684,4072,-9412,1
234213,10436,4524,-10604,1
234264,11420,5740,-11996,1
234315,10960,6596,-12640,1
234366,11140,6488,-12408,1
234417,10644,6616,-12076,1
234469,11316,6448,-11680,1
234520,10952,6108,-11244,1
234571,11072,5664,-10488,1
234622,11248,5572,-9976,1
234673,11228,5952,-10380,1
234724,10992,5900,-10356,1
234776,11052,6252,-10492,1
234827,11300,6408,-10612,1
234878,11204,6280,-10540,1
234929,11112,6064,-10092,1
234981,11252,6260,-10304,1
235032,11620,6096,-10228,1
235083,11300,6088,-10332,1
235134,11772,5976,-10368,1
235185,11304,6200,-10440,1
235236,11068,6340,-10628,1
235288,11212,6296,-10432,1
235339,11136,6156,-10292,1
235390,11252,6128,-9920,1
235441,11156,6352,-10324,1
235492,11184,6140,-10156,1
235543,11668,6408,-10248,1
235595,11388,6176,-10520,1
235646,11328,6444,-10532,1
235696,11660,6632,-10716,1
235747,11732,6540,-10632,1
235798,11560,6496,-10372,1
235852,11116,6324,-10212,1
235904,11248,6212,-9984,1
235955,10820,6204,-9924,1
236006,11132,6484,-9948,1
236058,11072,5876,-9640,1
236109,10844,6220,-10048,1
236160,11464,6204,-10280,1
236211,11236,6420,-10548,1
236262,11640,6472,-10704,1
236313,11572,6528,-10812,1
236364,11672,6616,-10900,1
236416,11536,6652,-10900,1
236467,11060,6464,-10392,1
236518,10992,6168,-9816,1
236569,11288,6052,-9488,1
236620,10844,5992,-9572,1
236671,11608,6020,-10068,1
236723,11812,6404,-10968,1
236774,12608,7056,-12028,1
236824,12936,7556,-13176,1
236875,12672,8176,-14088,1
236926,12080,8064,-14724,1
236978,10992,7200,-13760,1
237029,10252,6572,-14580,1
237081,9792,5264,-13312,1
237132,10304,5448,-13516,1
237183,8600,3476,-11904,1
237234,7384,4180,-12472,1
237285,2700,1444,-13020,1
237336,3220,6356,-14824,1
237388,964,4708,-13124,1
237439,500,2344,-12776,1
237490,2440,4580,-16360,1
237541,-1156,7356,-5400,1
237592,6232,4596,-14424,1
237643,-1656,6132,-14596,1
237695,3088,8036,-15368,1
237746,-2032,6808,-16660,1
237797,-532,6988,-16852,1
237878,600,8312,-16720,1
237929,-864,7084,-15472,1
237980,-1108,6324,-14900,1
238032,-848,7024,-15680,1
238084,-2524,5624,-15848,1
238135,-1844,5560,-13244,1
238186,-532,5380,-13504,1
238237,756,5360,-14664,1
238288,-220,3476,-14276,1
238339,276,3728,-15136,1
238391,-316,2608,-14672,1
238446,340,1728,-14652,1
238498,1328,2356,-15100,1
238549,2784,3260,-13712,1
238600,4128,3296,-14072,1
238651,3600,3428,-13844,1
238702,7880,5860,-14248,1
238753,7528,8916,-15180,1
238805,6836,8836,-15128,1
238856,8276,9036,-15032,1
238907,9152,8108,-14916,1
238958,12244,8460,-10264,1
239009,12612,8016,-11484,1
239061,9956,6408,-11716,1
239113,10796,5932,-10300,1
239164,10240,5396,-10708,1
239215,10096,5352,-10260,1
239266,8076,5884,-9428,1
239317,5384,6964,-9172,1
239368,7220,11684,-10464,1
239420,4220,13012,-10824,1
239471,2232,12564,-9728,1
239522,1964,12500,-9184,1
239573,768,14244,-8792,1
239624,1416,15988,-8832,1
239675,456,17444,-8104,1
239726,-1436,17112,-8412,1
239778,-1964,13188,-7580,1
239829,-1204,11256,-6468,1
239883,-2060,13704,-8192,1
239934,-2180,15492,-5632,1
239986,-3900,14760,-6928,1
240037,-4524,13640,-6872,1
240088,-6280,14072,-7288,1
240140,-4008,14556,-7136,1
240191,-4168,15200,-9692,1
240242,-5628,14184,-7240,1
240293,-7216,13304,-7604,1
240344,-5628,12128,-7072,1
240395,-5984,14236,-7628,1
240447,-3784,14324,-3844,1
240498,-5912,13432,-4636,1
240549,-4428,12748,-3744,1
240600,-4496,19048,-6416,1
240651,-3924,16176,-7988,1
240702,-3352,12904,-4580,1
240754,-2836,14352,-6468,1
240805,-3448,13628,-7884,1
240856,-2888,15712,-5356,1
240907,-4256,16400,-2568,1
240958,-3552,15984,-3532,1
241009,-2860,15396,-6520,1
241061,-2164,15232,-5516,1
241112,-3212,17604,-3760,1
241164,-2484,20568,-3348,1
241215,-1508,18392,-3624,1
241265,1036,15564,-5944,1
241316,-1508,13292,-6048,1
241367,-524,11672,-5284,1
241418,-744,13008,-6936,1
241470,1868,13440,-6824,1
241521,372,13420,-8144,1
241571,544,14152,-8320,1
241622,-684,12796,-7352,1
241673,-1008,13036,-7652,1
241724,1400,16484,-8316,1
241776,132,16504,-7612,1
241830,788,15440,-7672,1
241881,256,15112,-9228,1
241932,-172,14192,-9508,1
241984,820,12208,-10392,1
242035,652,11744,-11880,1
242086,1416,10900,-12932,1
242137,-848,10296,-14836,1
242188,-1240,9532,-14572,1
242239,-1600,7956,-12808,1
242291,-2044,5816,-9808,1
242342,-2064,4244,-6736,1
242393,-3480,4716,-6248,1
242444,-320,9700,-9088,1
242495,-2072,14028,-8684,1
242546,-3472,21708,-13036,1
242598,-6044,17664,-10204,1
242649,-7596,15592,-9180,1
242700,-6452,16376,-8480,1
242751,-8772,15780,-8060,1
242802,-4048,17020,-8760,1
242854,-6524,15956,-10136,1
242905,-2696,10852,-9180,1
242956,-6444,11416,-8828,1
243007,-6908,7136,-7828,1
243058,-8340,5904,-7904,1
243109,-9368,9396,-5184,1
243161,-6644,12112,-1288,1
243212,-7940,11616,-620,1
243264,-9348,12948,-2360,1
243315,-8628,15332,-2860,1
243366,-9036,15104,-3844,1
243417,-9704,13588,-4864,1
243468,-9724,13108,-7420,1
243519,-11916,11748,-7900,1
243571,-10316,11064,-8492,1
243622,-9068,11352,-8176,1
243673,-7668,12200,-7152,1
243724,-8480,9984,-6628,1
243775,-6608,13012,-5124,1
243829,-9420,13776,-5920,1
243880,-9800,13368,-6556,1
243931,-7676,13988,-7584,1
243982,-13888,10632,-7072,1
244034,-7972,13444,-5064,1
244085,-6796,12288,-6908,1
244136,-10200,11176,-5792,1
244187,-8544,11952,-4892,1
244238,-9552,11664,-7252,1
244289,-9780,13272,-5532,1
244341,-5456,14016,-10936,1
244392,-10108,10452,-7504,1
244443,-11776,9664,-5520,1
244494,-8880,11660,-5180,1
244545,-5744,15144,-7124,1
244596,-10252,10368,-5576,1
244648,-7492,11404,-4744,1
244699,-7940,12452,-6664,1
244749,-9248,11984,-6552,1
244800,-7780,14328,-6448,1
244851,-9044,13000,-8628,1
244902,-9052,10428,-5560,1
244954,-8112,12544,-9488,1
245005,-8456,12336,-6232,1
245056,-11776,11460,-5048,1
245107,-3528,16880,-8244,1
245158,-8920,14812,-5016,1
245210,-6180,9508,-5768,1
245261,-7936,14688,-5824,1
245313,-7644,13972,-6980,1
245364,-7276,14780,-6684,1
245415,-8336,11188,-6608,1
245466,-6900,11144,-8100,1
245517,-8152,11180,-7180,1
245568,-7212,12768,-6528,1
245620,-7860,12276,-7096,1
245671,-9040,12280,-7600,1
245752,-8260,11988,-8132,1
245803,-9036,13816,-7788,1
245854,-7884,13880,-7276,1
245906,-8124,12556,-8428,1
245957,-7680,9280,-9244,1
246008,-6812,12040,-10876,1
246059,-8180,14316,-8624,1
246110,-8328,14312,-7104,1
246161,-7356,12064,-6416,1
246213,-6736,9544,-7224,1
246264,-5704,9540,-7112,1
246316,-5972,10336,-7972,1
246367,-7148,11064,-7956,1
246418,-6776,10968,-8220,1
246469,-7572,11488,-9108,1
246520,-7492,12176,-9776,1
246571,-7828,12340,-9608,1
246623,-7892,12760,-10080,1
246674,-8368,14268,-11188,1
246725,-7924,14264,-10532,1
246776,-8540,13992,-11612,1
246827,-7648,12776,-10148,1
246878,-6684,11428,-11016,1
246930,-5596,7792,-10824,1
246981,-4232,9236,-11388,1
247032,1152,8120,-11792,1
247083,-2860,3572,-13692,1
247134,-3148,6052,-16644,1
247185,-1408,28,-13152,1
247237,-2012,-1428,-10916,1
247288,2576,1336,-11708,1
247339,8836,4464,-12568,1
247390,7708,5912,-13048,1
247442,9384,8748,-13792,1
247493,9316,9304,-13432,1
247544,8496,9196,-16980,1
247595,5528,9228,-19280,1
247646,7808,8604,-17144,1
247700,6180,7212,-16900,1
247752,5980,6356,-15228,1
247803,5864,6260,-13980,1
247854,4796,5868,-12460,1
247905,5460,5324,-11496,1
247957,4112,5704,-12628,1
248008,3492,4580,-12688,1
248059,5192,4636,-12824,1
248110,2676,3276,-13120,1
248161,5596,3708,-15556,1
248212,4108,2780,-15396,1
248264,3460,4436,-15668,1
248315,3308,4512,-17352,1
248366,4468,3452,-15204,1
248418,4784,2384,-14004,1
248469,3164,3252,-13056,1
248520,4812,3800,-12180,1
248571,7972,10008,-13912,1
248622,9972,11168,-14852,1
248673,6224,7672,-14288,1
248725,10040,3796,-11384,1
248776,12580,3464,-13112,1
248827,13424,2712,-8360,1
248878,13860,5340,-10088,1
248929,12820,3576,-10420,1
248980,12036,5800,-12276,1
249032,12348,4692,-9364,1
249083,14388,6116,-5008,1
249134,15608,7768,-4440,1
249185,13728,8492,-5972,1
249236,9892,7400,-7320,1
249287,12520,8424,-6856,1
249339,11620,9124,-8444,1
249390,12824,8820,-5360,1
249442,14636,8088,-4596,1
249493,13328,9260,-5396,1
249544,14440,8428,-3852,1
249595,13196,8472,-4656,1
249646,13016,9112,-5076,1
249700,12412,9092,-5272,1
249752,13140,11156,-6180,1
249803,12900,11580,-7012,1
249854,8784,9140,-7600,1
249905,9332,7796,-7156,1
249957,11372,9180,-7052,1
250008,11076,10716,-5224,1
250059,7976,10460,-7180,1
250110,8356,11720,-7944,1
250161,8632,11440,-7212,1
250212,10200,12340,-8040,1
250264,9460,12248,-8132,1
250315,9748,12504,-7160,1
250366,11860,12360,-6628,1
250417,9852,11080,-5428,1
250469,10988,10652,-5492,1
250520,11072,10092,-5648,1
250571,13592,10200,-5160,1
250622,11056,9312,-5836,1
250673,12752,8960,-5920,1
250724,11884,7968,-5292,1
250776,11872,7004,-4560,1
250827,13628,9056,-5832,1
250877,12040,5720,-6688,1
250928,12552,8272,-8528,1
250979,14152,9408,-7716,1
251030,13984,9096,-8856,1
251082,13652,9124,-9020,1
251133,9264,7724,-8776,1
251184,8776,8072,-9812,1
251235,6652,6932,-9932,1
251286,3000,6844,-8972,1
251337,2512,7040,-9200,1
251389,2716,10364,-10216,1
251441,6072,12800,-10464,1
251492,4760,14560,-12312,1
251543,1324,14172,-14100,1
251594,-64,11044,-13984,1
251645,212,11868,-14412,1
251699,272,10972,-13064,1
251751,1216,11904,-12620,1
251802,0,11140,-11840,1
251853,-216,11216,-12188,1
251904,-1920,9776,-12424,1
251956,-1172,10916,-13064,1
252007,-904,11580,-12796,1
252058,-1548,12248,-13056,1
252109,-2436,11596,-12576,1
252160,-1996,10752,-11452,1
252211,-832,11124,-11032,1
252262,-440,11616,-10956,1
252314,-1188,9784,-10172,1
252365,-2464,11612,-11588,1
252416,-3468,11812,-12048,1
252468,-3600,11020,-11828,1
252519,-2896,11160,-11340,1
252569,-3312,11352,-11892,1
252620,-3016,11016,-11632,1
252671,-2812,11668,-12544,1
252722,-3160,10768,-12336,1
252774,-2956,10788,-12700,1
252825,-2472,10424,-12492,1
252875,-1272,10088,-12740,1
252926,-608,10200,-12648,1
252977,260,9392,-12224,1
253028,2656,10368,-12140,1
253080,3676,9640,-12504,1
253131,4292,9080,-11492,1
253182,7432,10636,-10504,1
253233,8904,10432,-9336,1
253284,7456,10952,-9828,1
253335,8072,11248,-10328,1
253387,8256,9720,-10960,1
253438,8960,9224,-10476,1
253490,9964,8324,-10560,1
253541,11736,7068,-9700,1
253591,11652,7056,-9668,1
253672,10888,5888,-10284,1
253723,11512,5600,-11024,1
253775,11820,5652,-10128,1
253826,11828,5796,-9728,1
253876,11436,5928,-9076,1
253927,13224,6932,-8548,1
253978,12916,8496,-9128,1
254029,11064,7364,-9156,1
254081,11716,7968,-9120,1
254132,12016,8688,-8360,1
254182,10836,9232,-8612,1
254233,9964,8716,-8452,1
254284,10428,9528,-8416,1
254335,10208,9652,-8416,1
254387,10728,9532,-8480,1
254438,10604,9456,-8424,1
254489,11316,9356,-8524,1
254540,11088,9132,-8428,1
254592,11132,8380,-8076,1
254643,11596,7864,-8364,1
254694,12600,7764,-8428,1
254745,12484,7480,-7312,1
254796,12868,6652,-5700,1
254847,12736,6232,-4956,1
254898,13068,5708,-4220,1
254950,11668,4376,-3820,1
255001,13976,2696,-3020,1
255052,15916,3328,-3068,1
255103,15228,2092,-3236,1
255154,15176,1072,-3696,1
255205,14384,-408,-4204,1
255257,15688,-472,-3244,1
255308,18084,1208,-3000,1
255359,18600,2412,-2656,1
255410,18916,2732,-3128,1
255461,17868,2152,-1884,1
255513,17648,684,-2048,1
255564,17348,156,-2276,1
255615,17828,812,-2592,1
255667,18852,828,-2824,1
255721,19672,848,-4304,1
255772,17548,1796,-4348,1
255823,15940,2444,-2820,1
255875,16048,2200,-3464,1
255926,15912,2372,-5172,1
255977,14812,3444,-6500,1
256028,14820,3996,-7576,1
256079,14192,3272,-7684,1
256130,11428,1096,-7080,1
256182,14828,300,-6188,1
256233,13224,-420,-6328,1
256284,14940,-1588,-6756,1
256335,13160,-1256,-7052,1
256386,16488,-140,-8296,1
256437,13984,924,-9236,1
256489,13064,3960,-8516,1
256540,13668,4344,-7680,1
256592,13672,4552,-6420,1
256643,16612,2548,-6440,1
256693,16932,1176,-10560,1
256744,15540,1196,-9028,1
256795,11556,2160,-6620,1
256846,12888,3904,-7528,1
256898,14440,6148,-8724,1
256949,14700,4768,-5228,1
256999,16188,6032,-3768,1
257050,15160,5128,-5140,1
257101,14836,4392,-5656,1
257152,13860,4672,-6304,1
257204,14176,5172,-5996,1
257255,14680,5304,-5224,1
257306,15336,5464,-4688,1
257357,14568,4808,-4920,1
257408,14564,5128,-4916,1
257459,15212,5132,-4128,1
257511,15368,5120,-3628,1
257562,15260,5160,-3644,1
257614,15388,5144,-3112,1
257665,15460,5208,-3052,1
257719,15228,5168,-2968,1
257770,15516,5052,-2844,1
257822,15404,5092,-2932,1
257873,15372,5120,-2836,1
257924,15388,5120,-2956,1
257975,15432,5176,-2796,1
258026,15328,5184,-2840,1
258077,15316,5204,-2704,1
258129,15396,5108,-2568,1
258180,15444,5220,-2612,1
258231,15340,5136,-2832,1
258282,15476,5032,-2608,1
258333,15524,4976,-2420,1
258384,15520,5032,-2476,1
258436,15484,5032,-2612,1
258487,15392,5104,-2516,1
258538,15572,5056,-2392,1
258589,15320,5064,-2336,1
258640,15580,5036,-2312,1
258692,15464,5000,-2400,1
258743,15528,4996,-2520,1
258794,15544,4968,-2388,1
258845,15436,4932,-2596,1
258896,15620,4952,-2280,1
258947,15532,5008,-2320,1
258999,15592,5008,-2432,1
259050,15556,4940,-2528,1
259101,15436,4924,-2392,1
259152,15548,5008,-2380,1
259203,15488,5016,-2488,1
259254,15456,5000,-2372,1
259306,15576,4900,-2440,1
259357,15424,4936,-2372,1
259408,15500,4932,-2532,1
259459,15512,4956,-2380,1
259510,15588,4976,-2448,1
259561,15356,4956,-2524,1
259613,15552,4900,-2316,1
259664,15380,4960,-2400,1
259719,15596,4944,-2304,1
259770,15388,5036,-2436,1
259821,15568,4984,-2440,1
259872,15592,4952,-2380,1
259924,15472,4912,-2344,1
259975,15444,4968,-2436,1
260026,15448,4888,-2448,1
260077,15508,4996,-2500,1
260128,15500,4940,-2348,1
260180,15564,4972,-2516,1
260231,15384,4944,-2348,1
260282,15532,5032,-2400,1
260333,15476,4956,-2340,1
260384,15556,5016,-2312,1
260435,15488,4892,-2288,1
260487,15512,4964,-2392,1
260538,15452,4964,-2368,1
260589,15464,4940,-2388,1
260640,15404,5128,-2432,1
260691,15444,4992,-2340,1
260743,15504,4996,-2308,1
260794,15436,5080,-2428,1
260845,15444,5052,-2412,1
260896,15460,5068,-2440,1
260947,15508,4948,-2284,1
260998,15536,4940,-2312,1
261050,15452,5004,-2348,1
261101,15560,4968,-2372,1
261152,15304,5012,-2380,1
261203,15612,4920,-2292,1
261254,15600,4960,-2180,1
261305,15408,5036,-2316,1
261356,15432,5000,-2460,1
261408,15548,5024,-2356,1
261459,15376,4852,-2276,1
261510,15716,4844,-2324,1
261561,15348,4908,-2428,1
261612,15508,4980,-2440,1
261664,15512,4928,-2276,1
261715,15472,4992,-2320,1
261797,15508,4944,-2356,1
261848,15560,4976,-2344,1
261900,15472,5004,-2280,1
261951,15460,5016,-2268,1
262002,15488,4824,-2152,1
262053,15652,4948,-2288,1
262104,15456,4980,-2372,1
262155,15500,4984,-2576,1
262207,15324,5064,-2556,1
262258,15112,4816,-2604,1
262309,16012,5892,-2416,1
262360,15588,4812,-2920,1
262411,15436,4648,-2848,1
262462,15900,5500,-3140,1
262514,14928,4828,-2896,1
262565,15880,5896,-3504,1
262616,14688,5376,-4240,1
262667,15636,4936,-3436,1
262719,15076,4448,-3396,1
262770,15804,3968,-3268,1
262822,16600,4484,-3428,1
262873,14020,4924,-4940,1
262924,15208,5744,-4304,1
262975,15772,5752,-4428,1
263026,14504,4328,-5208,1
263078,15428,4932,-4560,1
263129,13436,5204,-3924,1
263180,15256,5648,-3896,1
263231,15512,6164,-4252,1
263282,13596,5456,-3780,1
263333,14676,5260,-4572,1
263384,15324,6156,-2732,1
263436,15156,6976,-3892,1
263487,14412,6608,-3468,1
263538,14288,6732,-3628,1
263589,15356,6656,-3176,1
263640,14372,6556,-2780,1
263691,15172,6216,-3420,1
263743,14864,6496,-3416,1
263797,14404,6416,-3720,1
263848,15432,6356,-2568,1
263899,14588,6376,-3084,1
263950,14780,6476,-3604,1
264002,14768,6276,-2964,1
264053,15052,6244,-3452,1
264103,14868,6336,-3080,1
264154,14500,6324,-3396,1
264205,14976,6080,-3212,1
264256,15236,6388,-3292,1
264308,14636,6388,-3408,1
264359,14864,5976,-3364,1
264410,14572,5696,-2856,1
264461,15364,6564,-3684,1
264512,14460,6228,-3668,1
264563,14768,6040,-3444,1
264615,15216,6488,-2976,1
264666,14148,6240,-3220,1
264717,15340,6520,-3316,1
264768,14344,6432,-3000,1
264819,15012,6560,-3352,1
264870,14784,6220,-3044,1
264922,14732,6012,-3196,1
264973,14944,6336,-3240,1
265024,14928,6456,-3136,1
265075,14700,6364,-3292,1
265126,15112,6476,-3256,1
265177,14720,6300,-2928,1
265229,14868,6348,-3436,1
265280,14804,6252,-2944,1
265331,14856,6468,-3060,1
265382,15004,6480,-3408,1
265433,14700,6148,-2840,1
265484,14828,6588,-3252,1
265536,14604,6408,-3336,1
265587,14968,6280,-3040,1
265638,14756,6356,-3144,1
265689,15092,6312,-3120,1
265740,14900,6324,-3092,1
265795,14916,6264,-2996,1
265847,14628,6176,-3144,1
265898,15452,6156,-2776,1
265949,14596,6124,-3092,1
266000,15096,6272,-2964,1
266052,15116,6080,-2852,1
266103,14760,6132,-2912,1
266154,15204,6296,-2956,1
266205,14680,5924,-2980,1
266256,15280,6276,-2840,1
266307,14768,6244,-2876,1
266358,15020,5976,-2976,1
266410,15192,6360,-2916,1
266461,14852,6112,-2912,1
266512,15128,6104,-2924,1
266563,14600,6180,-3036,1
266614,15212,6244,-2684,1
266665,14688,5968,-3152,1
266717,15288,6280,-2716,1
266768,14408,6156,-3296,1
266819,15604,6044,-2668,1
266871,14628,6160,-2908,1
266922,14984,5904,-2912,1
266973,15176,6064,-2800,1
267024,14800,6100,-2760,1
267075,15308,6048,-2840,1
267126,14844,5944,-2724,1
267178,15012,6052,-2716,1
267229,15256,6176,-2892,1
267280,14724,6212,-2684,1
267331,15060,6196,-2868,1
267382,14904,6112,-2740,1
267433,15168,6084,-2584,1
267485,14996,6200,-3100,1
267536,14964,6000,-2440,1
267587,14892,5916,-2800,1
267638,15100,6384,-2648,1
267689,15060,5992,-2652,1
267740,15260,6240,-2864,1
267792,14884,6176,-2284,1
267846,14880,6112,-2900,1
267898,15176,6092,-2628,1
267949,14788,6148,-2552,1
268000,15168,6052,-2860,1
268051,15104,6204,-2488,1
268102,15064,6232,-2824,1
268154,14924,6144,-2620,1
268205,15048,6168,-2628,1
268256,15068,6108,-2820,1
268307,14928,6208,-2532,1
268358,15256,5968,-2712,1
268410,14744,6076,-2800,1
268461,15204,6304,-2616,1
268512,14840,6008,-2972,1
268563,15044,6200,-2592,1
268614,14832,6056,-2632,1
268665,15252,6044,-2716,1
268717,14928,6220,-2864,1
268768,15052,5996,-2692,1
268819,15120,6212,-2636,1
268870,14940,5980,-2752,1
268922,15224,6204,-2616,1
268973,14872,6100,-2796,1
269024,15112,6036,-2560,1
269075,14880,6104,-2844,1
269126,15124,6036,-2652,1
269177,15104,6244,-2728,1
269229,15028,6120,-2780,1
269280,14856,6016,-2748,1
269331,15408,6184,-2472,1
269382,14596,5920,-2696,1
269433,15388,6136,-2620,1
269484,14704,6152,-2884,1
269535,15444,5972,-2364,1
269587,14960,6284,-2880,1
269638,14988,6148,-2636,1
269689,14996,6072,-2760,1
269740,15004,6044,-2468,1
269791,14876,6004,-2820,1
269878,14780,6036,-2664,1
269929,15156,6160,-2612,1
269980,14960,6252,-2660,1
270032,14968,6084,-2748,1
270083,15188,6140,-2548,1
270134,14740,6204,-2688,1
270185,15148,6232,-2756,1
270236,14884,6168,-2700,1
270287,15064,6056,-2572,1
270339,14924,6052,-2828,1
270390,15120,6208,-2468,1
270441,14932,6176,-3112,1
270492,15084,6056,-2608,1
270543,14888,6192,-2636,1
270594,14852,6124,-2872,1
270646,15092,6184,-2576,1
270697,14844,6348,-2948,1
270748,15184,6104,-2512,1
270799,14912,6188,-2852,1
270850,14996,6280,-2596,1
270901,14852,5992,-2676,1
270953,15044,6144,-2616,1
271004,14860,5964,-2696,1
271056,15308,6220,-2456,1
271107,14756,6104,-2592,1
271158,15380,5932,-2296,1
271209,14968,6216,-2564,1
271260,15068,6016,-2520,1
271311,15320,6092,-2312,1
271363,14880,6148,-2280,1
271414,15124,6300,-2604,1
271465,15016,5836,-2328,1
271516,14964,6136,-2424,1
271567,15224,6268,-2376,1
271618,15048,6228,-2600,1
271670,14952,6172,-2448,1
271721,14752,6292,-2348,1
271772,14828,6024,-2476,1
271823,15280,6136,-2516,1
271877,14868,6248,-2632,1
271929,15272,6392,-2420,1
271980,14904,6148,-2448,1
272032,15112,6156,-2208,1
272083,15008,6096,-2532,1
272134,15096,6244,-2336,1
272185,14820,6168,-2664,1
272236,15320,6160,-2072,1
272287,15012,6112,-2372,1
272339,14912,6148,-2508,1
272390,14908,6160,-2008,1
272440,15100,6280,-2448,1
272491,15004,6260,-2344,1
272542,15124,6456,-2360,1
272593,14756,6128,-2700,1
272645,15252,6176,-2428,1
272696,14888,6104,-2256,1
272747,14964,6392,-2784,1
272798,14940,6348,-2228,1
272849,15276,6248,-2320,1
272900,14896,6136,-2588,1
272952,15140,6280,-2108,1
273003,15020,6420,-2528,1
273055,14924,5964,-2512,1
273106,15032,6132,-2180,1
273157,15108,6176,-2368,1
273208,15256,6128,-2512,1
273259,14824,6224,-2176,1
273310,15264,6112,-2332,1
273361,14872,6308,-2456,1
273413,15208,6196,-2152,1
273464,14916,6176,-2388,1
273515,15212,6064,-2260,1
273566,14784,6076,-2276,1
273617,15312,6104,-2368,1
273668,14904,6284,-2384,1
273720,15252,5996,-2400,1
273771,15064,6244,-2152,1
273822,14796,5884,-2404,1
273873,15268,6144,-2312,1
273927,14904,6300,-2416,1
273979,15156,6152,-2308,1
274030,15004,5768,-2160,1
274082,15124,6224,-2340,1
274133,15204,6156,-2244,1
274184,14952,6288,-2260,1
274235,15124,6148,-2292,1
274286,15212,6172,-2024,1
274337,15080,6200,-2552,1
274389,15060,6248,-2132,1
274440,14900,6100,-2200,1
274491,14964,6216,-2216,1
274542,15072,5908,-1972,1
274593,14988,6356,-2356,1
274644,15092,6036,-2000,1
274696,15104,6420,-2188,1
274747,14848,6248,-2284,1
274798,15184,6320,-2040,1
274849,14776,6236,-2404,1
274900,15212,6400,-2048,1
274951,15016,6284,-2240,1
275003,15204,6336,-2208,1
275054,14956,6356,-2248,1
275105,14988,6064,-2316,1
275157,15056,6284,-2244,1
275208,15016,6236,-2392,1
275259,14892,6080,-2100,1
275315,15444,6484,-2464,1
275365,15124,6324,-2172,1
275416,15020,6596,-2060,1
275467,14264,6352,-2120,1
275518,14884,6596,-2224,1
275570,14820,6928,-2340,1
275621,15000,7008,-2060,1
275672,14716,6652,-2260,1
275723,14552,6564,-1972,1
275774,15308,6588,-1936,1
275825,14756,6700,-2268,1
275877,15236,6928,-2404,1
275931,14652,6752,-2268,1
275982,14888,6240,-1980,1
276034,14980,6808,-2100,1
276085,14600,6252,-2352,1
276136,15160,6616,-2108,1
276188,14820,6812,-2308,1
276239,15116,6708,-2164,1
276290,14460,6632,-2256,1
276341,14892,6912,-2156,1
276392,14944,6448,-2192,1
276443,14952,6916,-2216,1
276495,14804,6528,-2368,1
276546,14896,6716,-1824,1
276596,14804,6564,-2172,1
276647,15164,6620,-1896,1
276698,14720,6468,-2056,1
276749,14940,6620,-1936,1
276801,15012,6676,-1968,1
276852,14652,6560,-2092,1
276902,15120,6660,-2044,1
276953,14808,6692,-1764,1
277004,15136,6904,-2044,1
277055,14644,6836,-2180,1
277107,14956,6436,-1952,1
277158,15036,6476,-1660,1
277209,14668,6468,-2248,1
277261,15052,6508,-2084,1
277312,15080,6524,-1784,1
277363,14884,6692,-2136,1
277414,15012,6640,-1984,1
277465,14784,6476,-1936,1
277516,14836,6536,-1784,1
277568,14920,6524,-2092,1
277619,14944,6468,-1996,1
277669,15056,6668,-2000,1
277720,14892,6388,-1796,1
277771,14976,6668,-2056,1
277822,14972,6560,-1892,1
277874,14940,6492,-1940,1
277958,14876,6420,-1912,1
278009,15008,6496,-1964,1
278060,14932,6612,-2076,1
278111,14884,6172,-1948,1
278163,15296,6708,-1740,1
278214,14564,6288,-2264,1
278266,15352,6816,-1748,1
278317,14528,6388,-2256,1
278368,15220,6616,-1568,1
278419,14572,6460,-2092,1
278470,15156,6372,-1792,1
278521,15236,6820,-2088,1
278573,14660,6532,-2180,1
278624,15212,6448,-1604,1
278675,14660,6616,-2088,1
278726,14980,6320,-1800,1
278777,14936,6364,-2084,1
278828,14676,6628,-1868,1
278880,15264,6744,-2084,1
278931,14568,6500,-1968,1
278981,15208,6396,-1896,1
279032,14692,6596,-2116,1
279083,15076,6292,-1884,1
279134,14840,6756,-2012,1
279186,15044,6384,-1788,1
279237,14884,6584,-2268,1
279288,14860,6484,-1612,1
279340,15032,6672,-2124,1
279391,14832,6520,-1792,1
279442,14960,6516,-1796,1
279493,15012,6620,-1884,1
279544,14784,6312,-1848,1
279595,15144,6436,-1560,1
279647,14776,6424,-1832,1
279698,15128,6608,-1556,1
279749,14724,6500,-1888,1
279800,15172,6524,-1308,1
279851,14676,6424,-1924,1
279902,15304,6824,-1556,1
279956,14608,6488,-1716,1
280008,15220,6720,-1452,1
280059,15008,6580,-1528,1
280110,14872,6284,-1668,1
280162,15204,6572,-1604,1
280213,14660,6268,-1664,1
280264,15244,6604,-1528,1
280316,14884,6704,-1572,1
280367,14936,6648,-1876,1
280418,14824,6572,-1576,1
280469,14984,6564,-1464,1
280520,15180,6684,-1952,1
280571,14812,6508,-1756,1
280623,14968,6540,-1956,1
280674,15048,6476,-1512,1
280725,14912,6496,-1684,1
280776,14964,6664,-1876,1
280827,15096,6504,-1416,1
280879,15040,6596,-1980,1
280930,14744,6520,-2000,1
280981,15332,6852,-1880,1
281032,15028,7132,-2400,1
281083,14496,6708,-2308,1
281134,14616,6612,-2072,1
281186,14960,7196,-2156,1
281237,14040,7304,-1804,1
281288,14596,7920,-2552,1
281340,14176,8164,-2544,1
281391,13884,7884,-2560,1
281442,14460,7592,-2048,1
281493,14684,8252,-2360,1
281544,13776,8928,-2292,1
281595,13480,8504,-2952,1
281647,13324,8812,-1988,1
281698,12916,9564,-2120,1
281749,13120,9680,-2304,1
281800,12856,9848,-3112,1
281851,12512,9276,-3336,1
281902,13852,9432,-2644,1
281954,13336,9076,-2664,1
282008,13236,8560,-3180,1
282059,13724,8616,-3532,1
282110,13548,8420,-3200,1
282162,13368,8688,-3156,1
282213,13532,8688,-3220,1
282264,13392,8744,-2968,1
282315,13696,9108,-2784,1
282367,13228,8684,-3128,1
282418,13604,8856,-2964,1
282469,13624,8944,-2800,1
282520,13608,8764,-2828,1
282571,13736,8736,-2892,1
282622,13572,8852,-2996,1
282674,13604,8424,-3192,1
282725,13892,8800,-2784,1
282776,13312,8676,-3156,1
282827,13632,8812,-3408,1
282878,13260,8760,-3128,1
282930,13896,8508,-3280,1
282981,13356,8560,-3376,1
283032,13640,8584,-3204,1
283083,13808,8868,-3092,1
283134,13428,8344,-3204,1
283185,13796,9160,-3092,1
283237,13392,8448,-3196,1
283288,13696,8868,-3096,1
283339,13508,8832,-2980,1
283391,13592,8272,-3084,1
283442,13588,8876,-3060,1
283493,13500,8524,-3076,1
283544,13460,8600,-3100,1
283595,13928,8964,-3172,1
283646,13352,8656,-2968,1
283698,13700,8552,-2884,1
283749,13628,9064,-2980,1
283800,13336,8544,-2968,1
283851,13788,8956,-3112,1
283902,13548,8532,-2920,1
283953,13632,8848,-2944,1
284008,13544,8504,-3272,1
284059,13684,8824,-2904,1
284110,13524,8584,-3056,1
284161,13616,8632,-2924,1
284213,13784,8820,-2988,1
284264,13568,8492,-2908,1
284315,13692,8800,-2780,1
284366,13664,8604,-2836,1
284418,13584,8536,-2876,1
284469,13796,8652,-2800,1
284520,13592,8340,-2796,1
284571,13764,8644,-2740,1
284622,13684,8560,-2760,1
284673,13492,8484,-2868,1
284725,14028,8824,-2632,1
284776,13688,8584,-2884,1
284827,13736,8468,-2848,1
284878,13816,8708,-2684,1
284929,13644,8440,-2968,1
284981,13760,8464,-2748,1
285032,13772,8692,-2940,1
285083,13840,8572,-2560,1
285134,13624,8540,-2832,1
285185,13820,8496,-2620,1
285236,13724,8516,-2708,1
285287,13644,8552,-2728,1
285339,13804,8456,-2844,1
285390,13940,8608,-2632,1
285442,13688,8528,-2760,1
285493,13728,8588,-2696,1
285544,13792,8520,-2644,1
290602,14328,10624,-2864,2
290701,12248,10280,-4224,2
290753,11164,10972,-2280,2
290804,11044,9368,-3448,2
290855,13436,14300,-4712,2
290906,9948,12024,-4116,2
290957,10108,11336,-4076,2
291008,9220,11052,-2796,2
291090,10192,10576,-3864,2
291141,12188,11408,-5088,2
291192,11152,10364,-5916,2
291243,10868,9240,-5892,2
291295,11508,8620,-5464,2
291346,11696,8156,-4640,2
291396,12856,8468,-5212,2
291447,11972,8988,-4368,2
291498,13376,9876,-5072,2
291549,12568,9488,-5576,2
291601,13572,9596,-5308,2
291652,12756,7624,-6468,2
291703,12744,6704,-6384,2
291754,13408,5676,-6656,2
291805,12860,5624,-7276,2
291856,13420,6368,-7776,2
291908,12276,5584,-8300,2
291959,10836,5400,-8516,2
292010,9432,4864,-7992,2
292061,8036,4088,-7048,2
292112,6384,2688,-6192,2
292163,4652,1600,-5236,2
292215,5048,432,-3720,2
292266,11436,7312,-7404,2
292317,9956,11584,-6672,2
292368,10252,10444,-7920,2
292419,6916,8524,-7936,2
292470,7356,12840,-9388,2
292522,3512,11276,-12808,2
292573,3996,18448,-21516,2
292623,14936,32767,-16144,2
292674,6564,18944,-16824,2
292725,14172,7060,-11316,2
292777,10616,13084,-17864,2
292828,4696,1652,920,2
292880,14380,6428,-5680,2
292931,524,10920,-13880,2
292982,21220,14040,-12264,2
293033,-1824,2980,-8140,2
293087,14988,16572,-15172,2
293139,10024,8152,-3604,2
293190,3144,5376,-12492,2
293241,12188,7688,-7128,2
293292,8928,5364,-14628,2
293343,12208,3504,-8372,2
293395,9168,4184,-12120,2
293446,9664,1304,-8424,2
293497,12208,1424,-11048,2
293548,16508,592,-2328,2
293599,17736,-1096,-15444,2
293650,14960,5004,-7720,2
293702,10296,2520,-11024,2
293753,13440,-96,-6948,2
293804,15420,-68,-8944,2
293855,10980,896,-11596,2
293907,15616,396,-6932,2
293958,13620,-492,-9492,2
294008,15064,-908,-6716,2
294059,12676,540,-9352,2
294110,15884,-548,-7004,2
294161,13632,428,-9336,2
294213,16264,-460,-6516,2
294264,13084,-424,-9028,2
294314,15020,-344,-7984,2
294365,13976,304,-8472,2
294416,14144,336,-8436,2
294467,14548,12,-8148,2
294519,14596,124,-7796,2
294570,14440,140,-7960,2
294620,14448,-116,-7952,2
294671,14292,-132,-8328,2
294722,14700,156,-7432,2
294773,14172,-200,-8168,2
294825,14448,-228,-8076,2
294876,14312,372,-8052,2
294928,14320,-96,-8108,2
294979,14472,-364,-8168,2
295030,14260,20,-8188,2
295081,14704,204,-7840,2
295134,14184,-68,-8188,2
295186,14168,-212,-8072,2
295237,14424,-212,-8060,2
295288,14568,220,-7928,2
295339,14380,76,-8020,2
295390,14036,308,-8380,2
295442,14320,236,-8092,2
295493,14572,-100,-8108,2
295543,14220,-44,-8380,2
295594,14720,-232,-7904,2
295645,14516,-112,-7920,2
295696,14180,120,-8440,2
295748,14652,304,-7820,2
295799,14844,-80,-7660,2
295850,13988,180,-8064,2
295901,14776,-120,-8036,2
295953,14860,-52,-7516,2
296004,14108,-44,-7908,2
296054,14560,-204,-7804,2
296105,14652,72,-8084,2
296156,14724,212,-7720,2
296207,14424,256,-8116,2
296259,14600,-180,-7844,2
296310,14508,-168,-8072,2
296361,14584,288,-7800,2
296412,14480,-64,-7904,2
296463,14696,-136,-8012,2
296514,14644,-60,-7812,2
296566,14816,-260,-7864,2
296617,14604,136,-7820,2
296668,14336,300,-7984,2
296719,14536,-104,-7612,2
296770,14656,-176,-7884,2
296821,14656,-88,-7692,2
296873,14428,152,-7800,2
296924,14624,-100,-7784,2
296976,14608,-148,-7912,2
297027,14480,0,-7716,2
297078,14588,20,-7776,2
297129,14748,-236,-7480,2
297180,14384,-44,-8232,2
297234,14748,20,-7548,2
297286,14624,-252,-7788,2
297337,14248,144,-7920,2
297388,14372,-8,-7972,2
297439,14544,-120,-7740,2
297491,14380,28,-7856,2
297542,14332,-12,-8140,2
297593,14556,-16,-7980,2
297644,14744,88,-7776,2
297695,14172,112,-8244,2
297746,14832,-80,-7688,2
297798,14656,-100,-7992,2
297849,14300,28,-8016,2
297900,14648,36,-7748,2
297951,14548,-212,-7856,2
298003,14404,-12,-8124,2
298054,14840,-116,-7664,2
298105,14392,-64,-7912,2
298156,14440,80,-7892,2
298207,14788,-116,-7804,2
298258,14224,76,-8116,2
298310,14632,104,-7864,2
298361,14760,-20,-7724,2
298412,14424,104,-7944,2
298463,14808,-52,-7720,2
298514,14488,-124,-7828,2
298565,14332,32,-8000,2
298617,14772,-72,-7640,2
298668,14592,-16,-8016,2
298719,14592,-12,-7768,2
298770,14660,-52,-7792,2
298821,14292,-136,-8088,2
298872,14448,112,-8012,2
298924,14636,-64,-7860,2
298975,14540,-60,-7948,2
299027,14500,8,-7964,2
299078,14612,-44,-7984,2
299129,14432,-44,-7988,2
299180,14572,4,-7876,2
299231,14604,96,-7672,2
299282,14460,-172,-8016,2
299363,14372,-76,-7896,2
299415,14360,-144,-8048,2
299466,14640,32,-7816,2
299517,14236,100,-8004,2
299568,14256,-100,-8484,2
299620,15160,264,-6908,2
299671,15100,8,-7096,2
299722,14460,-252,-7684,2
299773,14868,60,-7424,2
299824,13948,468,-8008,2
299876,15484,588,-7516,2
299927,15688,792,-7436,2
299978,15648,-112,-6880,2
300029,10996,336,-12500,2
300081,11960,948,-12432,2
300132,13400,2480,-10488,2
300183,13084,2892,-10784,2
300234,11292,5544,-12952,2
300285,14324,4640,-11500,2
300336,12168,10964,-13964,2
300388,8220,10440,-12872,2
300439,8664,11300,-10852,2
300489,5932,10924,-10968,2
300540,3944,12120,-12104,2
300591,3744,9892,-10692,2
300642,1048,11928,-13004,2
300694,316,10392,-14168,2
300745,836,10360,-13608,2
300795,204,9380,-14064,2
300846,1836,9944,-13628,2
300897,592,8000,-14520,2
300948,-484,6184,-14216,2
301000,-1288,4024,-14736,2
301051,-2464,2816,-16052,2
301103,-4332,3620,-16164,2
301154,-5628,2204,-15436,2
301205,-5204,3124,-13780,2
301256,-5564,1928,-13428,2
301307,-6860,1212,-12584,2
301361,-8920,540,-12128,2
301413,-10752,-2648,-11440,2
301464,-9128,-2100,-10596,2
301515,-5860,-1356,-9304,2
301566,-6520,-1668,-9840,2
301617,-7776,-916,-11080,2
301669,-8512,-996,-12576,2
301720,-8740,-672,-13776,2
301771,-10320,-1248,-16528,2
301822,-10696,-460,-16256,2
301873,-7872,1348,-14032,2
301924,-4356,3228,-12012,2
301976,-3472,6348,-11536,2
302027,-3404,5528,-13320,2
302078,44,7480,-13416,2
302130,-16,9128,-14592,2
302181,580,13708,-17408,2
302232,-264,13344,-18048,2
302283,2532,12124,-19072,2
302334,6212,11476,-17236,2
302385,5084,10916,-15648,2
302437,7268,9004,-9844,2
302488,11488,11624,-8296,2
302539,11524,14028,-11868,2
302590,7916,13572,-12768,2
302641,9076,15208,-11240,2
302692,8192,14660,-8328,2
302743,9928,10584,-3808,2
302795,9500,9224,-2888,2
302846,12860,12976,-1784,2
302897,12868,12764,-1120,2
302948,9604,10788,-644,2
302999,8380,11488,-724,2
303051,9116,11420,2028,2
303102,7348,12164,1204,2
303154,6332,12000,-1304,2
303205,6400,10260,-296,2
303255,8204,12096,-604,2
303309,8132,13464,-500,2
303361,11408,14380,884,2
303412,7804,11424,-1080,2
303463,11764,11412,784,2
303514,7776,12944,-1920,2
303565,10660,12800,-700,2
303616,9316,12916,-1552,2
303668,9276,13244,-1848,2
303719,9200,13232,-3308,2
303770,8748,12468,-3380,2
303821,9132,12284,-3680,2
303872,9492,12396,-3084,2
303923,10588,12416,-1540,2
303975,9620,13176,-1808,2
304026,10072,14452,-1164,2
304077,8268,11328,-1252,2
304128,9672,12748,-60,2
304180,9872,13620,-1084,2
304231,9756,12956,-1052,2
304281,9236,12592,-1260,2
304332,10096,13976,-1120,2
304383,9252,13620,-900,2
304434,9756,13936,-1076,2
304486,9456,13824,-560,2
304537,9456,13128,-612,2
304587,9280,13544,-472,2
304638,9392,13712,-588,2
304689,9228,13460,-948,2
304740,9356,13328,-1364,2
304792,10108,13404,-1436,2
304843,11192,12184,-2136,2
304893,11124,12268,-4508,2
304944,12188,10628,-4284,2
304995,10108,10328,-6460,2
305046,11120,9628,-5408,2
305098,9252,8836,-6536,2
305149,7732,6552,-4824,2
305201,5724,4824,-4572,2
305252,796,-1560,-2332,2
305303,1216,260,-2360,2
305357,4288,4948,-4268,2
305408,5312,13648,-6620,2
305460,6764,16844,-5620,2
305511,12544,19468,-8356,2
305562,15904,6084,-15320,2
305613,27624,6572,-9040,2
305664,32767,31812,-2496,2
305716,9920,-6028,-19384,2
305767,10780,-8316,5304,2
305818,21160,4276,-12196,2
305869,11040,472,-2228,2
305920,18740,-6140,504,2
305971,12120,-2148,-1996,2
306022,25948,-5440,2020,2
306074,-1376,-4676,-3108,2
306125,32767,6044,1376,2
306176,12876,-1356,-5624,2
306228,19192,-1104,-4712,2
306279,14660,-4540,-800,2
306330,16996,-1444,-2052,2
306381,13668,-3732,-2432,2
306432,16328,-2324,-4360,2
306483,15232,-2992,-2628,2
306535,16432,-2008,-5596,2
306586,15876,-2428,-2684,2
306637,15328,-3592,-2284,2
306688,15784,-3312,-2220,2
306739,15896,-2612,-3308,2
306790,15788,-2516,-3748,2
306842,14720,-2200,-4136,2
306893,16436,-2220,-4752,2
306944,15080,-2556,-4812,2
306995,17744,-1280,-4792,2
307046,14132,-2692,-4316,2
307097,16624,-2316,-2624,2
307149,14864,-1944,-4380,2
307200,16592,-1800,-4564,2
307252,15744,-2140,-4056,2
307333,15968,-2044,-3936,2
307384,15968,-1876,-3880,2
307435,15968,-1832,-3928,2
307486,15760,-2000,-3452,2
307538,16080,-1988,-3676,2
307589,15852,-1844,-3984,2
307640,16052,-1872,-4036,2
307691,15836,-1876,-4120,2
307742,16048,-1856,-3432,2
307793,15840,-1908,-3944,2
307845,16128,-1760,-3976,2
307896,15696,-1964,-3716,2
307946,16156,-1660,-3848,2
307997,15904,-1804,-4112,2
308048,16064,-1764,-3588,2
308099,15824,-1892,-3912,2
308151,16064,-1692,-3980,2
308202,15936,-1828,-3768,2
308253,15992,-1736,-3704,2
308305,15908,-1824,-3916,2
308356,15988,-1820,-3924,2
308407,15740,-1856,-3868,2
308458,16052,-1836,-3676,2
308509,15916,-1776,-3796,2
308560,15856,-1792,-3812,2
308612,15972,-1776,-3932,2
308663,15900,-1692,-3756,2
308714,16136,-1620,-3952,2
308765,15884,-1772,-3832,2
308816,16052,-1704,-3824,2
308867,15884,-1804,-3744,2
308918,15948,-1736,-3808,2
308970,15952,-1740,-3796,2
309021,15908,-1720,-3792,2
309072,16000,-1680,-3852,2
309123,15916,-1716,-3812,2
309174,16048,-1700,-3840,2
309226,15944,-1736,-3988,2
309280,15928,-1732,-3804,2
309332,15984,-1720,-3880,2
309383,15960,-1636,-3872,2
309434,16064,-1804,-3776,2
309485,16052,-1660,-4084,2
309536,15960,-1784,-3652,2
309588,15988,-1740,-3956,2
309639,16052,-1680,-3848,2
309690,16012,-1812,-3764,2
309741,15992,-1704,-3740,2
309792,15972,-1700,-3832,2
309843,15968,-1708,-3836,2
309895,15964,-1716,-3808,2
309946,16024,-1728,-3812,2
309997,15972,-1688,-3648,2
310048,15976,-1728,-3868,2
310099,16008,-1708,-3660,2
310150,15956,-1676,-4040,2
310202,16036,-1720,-3644,2
310253,16080,-1720,-3808,2
310304,15976,-1776,-3940,2
310356,15964,-1768,-3816,2
310407,16052,-1724,-3692,2
310458,15956,-1668,-3912,2
310509,15980,-1684,-3912,2
310560,15920,-1748,-3664,2
310611,15944,-1760,-3792,2
310663,15972,-1748,-3932,2
310714,15968,-1784,-3796,2
310765,15992,-1880,-3548,2
310816,15936,-1912,-3792,2
310867,15704,-1752,-3700,2
310918,16156,-1852,-3912,2
310970,15748,-1800,-3928,2
311021,15736,-1440,-4804,2
311072,15744,-1524,-4596,2
311123,15940,-1376,-4860,2
311174,15756,-1564,-4644,2
311228,15704,-1836,-4224,2
311280,15956,-1596,-4200,2
311331,15692,-1840,-4400,2
311383,15848,-1616,-4556,2
311434,16212,-1548,-4568,2
311485,15976,-1752,-4392,2
311536,16516,-1688,-4352,2
311587,16068,-3020,-4016,2
311638,19364,3776,-7136,2
311690,15576,-1804,-5992,2
311741,17548,4684,-4716,2
311791,11816,2968,-6188,2
311842,15096,6556,-5660,2
311893,13072,3604,-5616,2
311944,13224,6564,-5944,2
311996,13924,3832,-7084,2
312047,12156,3808,-8296,2
312097,12652,4272,-7792,2
312148,12912,5436,-8172,2
312199,12204,4272,-8032,2
312250,11488,5440,-8132,2
312302,11520,7148,-8424,2
312353,10764,8088,-7704,2
312405,13808,9116,-10360,2
312456,10596,6888,-8684,2
312507,12444,8208,-7948,2
312558,11252,7448,-7380,2
312609,12112,8924,-7928,2
312660,12100,8148,-6564,2
312711,11572,8320,-8012,2
312763,12556,8096,-8676,2
312814,11676,7652,-7332,2
312865,12328,8520,-7336,2
312916,11868,8720,-7440,2
312967,10764,8896,-6900,2
313018,12268,9168,-6768,2
313070,13248,7800,-7928,2
313121,11876,6972,-7516,2
313171,12708,8500,-7136,2
313225,11768,6452,-7032,2
313277,14500,6768,-7288,2
313328,12864,6748,-7592,2
313379,13840,6496,-6728,2
313431,12260,6488,-7572,2
313482,13696,5632,-6440,2
313533,13512,6384,-7524,2
313584,12576,6424,-6936,2
313635,13408,6248,-6748,2
313686,12996,6224,-7156,2
313738,12292,5816,-5552,2
313789,13988,4896,-5716,2
313840,15208,2532,-7908,2
313891,13876,432,-8544,2
313942,14936,1836,-7844,2
313993,14688,2368,-8112,2
314045,13720,1280,-5256,2
314096,13564,-1452,-1644,2
314147,17296,-1652,2468,2
314198,16064,332,-2992,2
314249,16640,-1944,-1924,2
314300,19376,-4500,2052,2
314352,17676,-2900,1336,2
314403,15396,-1380,808,2
314455,16316,76,952,2
314506,15044,-108,172,2
314557,18284,400,952,2
314608,16704,936,-1080,2
314659,19260,1912,-1612,2
314710,14696,2688,-2208,2
314762,17376,3456,-24,2
314813,16196,4108,-756,2
314864,15816,5512,-2904,2
314915,14708,2868,-72,2
314966,16372,2288,-3544,2
315017,16224,1740,-3344,2
315069,16312,3232,-4556,2
315120,17460,3792,-2324,2
315171,16836,7020,-2628,2
315222,15812,6460,-2892,2
315301,16000,5524,-2892,2
315353,15900,3068,-3564,2
315404,16532,3584,-4596,2
315455,16648,5112,-4928,2
315507,15516,5168,-3916,2
315558,14980,6252,-5964,2
315608,11360,6456,-8796,2
315659,8764,8392,-12152,2
315710,7684,11020,-11476,2
315761,6112,9852,-10948,2
315813,4756,10088,-7748,2
315864,3600,9932,-5320,2
315914,3176,11444,-5588,2
315965,2468,13376,-5288,2
316016,4404,15956,-6780,2
316067,4624,16984,-8128,2
316119,5492,19372,-8108,2
316170,3844,20756,-9152,2
316221,4656,20408,-7920,2
316272,2228,19652,-6888,2
316323,1764,16564,-6288,2
316374,5288,20820,-5820,2
316426,5388,19464,-5464,2
316477,1284,14256,-5088,2
316528,5384,13536,-2204,2
316580,4892,12636,-2996,2
316631,5476,11428,-1304,2
316682,4720,9076,-1040,2
316733,5008,8612,-20,2
316784,5228,10272,384,2
316835,6272,11472,-188,2
316887,6188,11632,1092,2
316938,9512,12816,1584,2
316994,9392,14832,-684,2
317045,10152,17292,-3732,2
317096,7700,12828,-4516,2
317147,10192,11000,-4796,2
317198,6520,10528,-6408,2
317249,10668,10824,-5860,2
317304,10664,9984,-5828,2
317355,10120,9388,-7768,2
317406,10084,7860,-7264,2
317458,10748,9688,-8628,2
317509,10572,9992,-8252,2
317560,10820,10716,-7068,2
317612,9544,11524,-8420,2
317663,10016,12036,-6388,2
317714,9712,12052,-8176,2
317765,9080,11072,-7204,2
317816,10176,10972,-7848,2
317867,8612,9332,-7660,2
317919,9404,9128,-7648,2
317970,11192,11236,-6144,2
318021,9268,9108,-6332,2
318072,9120,8832,-7476,2
318123,7760,8848,-9864,2
318174,7320,7404,-9804,2
318226,7384,7008,-10428,2
318277,7216,5400,-9280,2
318328,6888,5248,-6712,2
318379,2484,-416,-2016,2
318430,-176,-2768,-4084,2
318481,3776,3416,-7680,2
318532,7096,10896,-9940,2
318583,2188,14020,-8244,2
318635,3464,20688,-12864,2
318686,7280,30284,-17964,2
318737,18556,32767,-6068,2
318788,18752,14604,-2072,2
318839,10256,20148,-12572,2
318890,2616,8988,-2996,2
318942,8360,19040,-15152,2
318993,-1616,9824,-11424,2
319043,4676,16384,-5216,2
319094,648,14248,-8480,2
319145,6740,15144,-4228,2
319196,7504,8888,-9352,2
319248,9128,11004,-8664,2
319299,6672,9756,-6540,2
319353,12152,7048,-6132,2
319404,16188,2952,-8096,2
319456,16320,980,-11292,2
319507,11948,956,-13852,2
319558,13252,2188,-9872,2
319610,14568,2628,-8132,2
319661,12584,3356,-8252,2
319711,14016,2264,-8836,2
319762,14780,804,-10380,2
319813,11600,2436,-11084,2
319864,12960,2112,-9080,2
319916,13120,1700,-9608,2
319967,13192,1336,-10084,2
320018,14092,1296,-9212,2
320069,13580,1604,-9092,2
320120,13776,1456,-9320,2
320171,13764,1284,-9452,2
320223,13064,2144,-9456,2
320274,13336,2108,-9264,2
320325,14056,1992,-8400,2
320376,13208,2112,-9408,2
320427,13536,2288,-9284,2
320478,13760,2340,-8580,2
320530,14256,2432,-9096,2
320581,13504,2628,-9008,2
320632,13728,2984,-9136,2
320684,13724,2916,-9188,2
320735,13040,3712,-9164,2
320786,13820,3748,-8708,2
320837,12752,4300,-8928,2
320888,13632,4384,-8436,2
320939,12464,5152,-8984,2
320991,12728,5644,-9376,2
321042,12544,4800,-8744,2
321093,13900,4808,-9344,2
321144,12812,4556,-10080,2
321195,12668,5176,-9544,2
321246,12536,5332,-8944,2
321298,12728,5804,-9148,2
321352,13620,5976,-9896,2
321403,11916,7016,-9400,2
321454,11848,8208,-7696,2
321506,11092,8976,-8444,2
321557,10544,9008,-9348,2
321608,10376,9276,-10592,2
321660,11568,12004,-12132,2
321711,21068,12772,-9044,2
321762,11132,9900,-6552,2
321813,12868,6680,-10424,2
321864,12344,3320,-9796,2
321915,9312,-3940,-12052,2
321966,10388,-5212,-11660,2
322018,11976,-1244,-12728,2
322069,12260,10304,-12976,2
322120,5128,3800,-11116,2
322171,4468,3188,-11296,2
322222,3120,2484,-12344,2
322273,4820,3760,-11864,2
322325,3424,7480,-13912,2
322376,-52,7760,-14268,2
322426,680,7212,-13068,2
322477,1956,9652,-15404,2
322528,2248,11880,-15528,2
322580,4508,8964,-14584,2
322631,740,6648,-14248,2
322682,2268,4604,-13808,2
322734,3528,3584,-13304,2
322785,3092,6232,-15196,2
322836,3532,10104,-16052,2
322887,744,8812,-17468,2
322938,976,6168,-15804,2
322989,1792,5336,-14000,2
323041,2068,4692,-13900,2
323092,1724,5860,-12852,2
323142,2156,6908,-11380,2
323193,156,6808,-11328,2
323244,1376,9780,-12896,2
323295,-432,9612,-14864,2
323383,-328,10924,-15584,2
323434,-864,12008,-15100,2
323486,-488,12088,-14676,2
323537,-500,11068,-12292,2
323588,344,10756,-13080,2
323639,-2328,9992,-14068,2
323690,-828,12400,-12044,2
323741,-1200,13772,-12420,2
323793,-1792,16384,-10792,2
323844,-4068,15476,-11124,2
323895,-4436,12128,-11424,2
323946,-2828,9880,-10636,2
323997,-900,8636,-9764,2
324049,-1396,7908,-10792,2
324100,-492,6868,-11600,2
324151,-28,7540,-13296,2
324202,212,8860,-14656,2
324253,1388,10580,-16144,2
324304,1652,8224,-17072,2
324356,16,6028,-17352,2
324407,1228,3804,-15868,2
324458,1544,5008,-14488,2
324509,2704,7156,-13360,2
324560,872,8416,-13088,2
324611,-508,9132,-14200,2
324663,-3064,8724,-15852,2
324714,-4676,8344,-16800,2
324765,-3432,8064,-15908,2
324817,-1992,6424,-14816,2
324868,-2380,5296,-13492,2
324919,-3324,4584,-12248,2
324970,-3044,3728,-10704,2
325021,-3752,4260,-10756,2
325072,-4332,6808,-11896,2
325124,-7116,8808,-15920,2
325175,-3432,8032,-15944,2
325226,6536,9968,-13732,2
325277,-2644,9064,-12880,2
325328,-2620,12648,-15192,2
325382,-816,16504,-11388,2
325434,-2252,15768,-10044,2
325485,-3180,12232,-11192,2
325536,-1000,15812,-11712,2
325587,-356,17348,-13228,2
325639,-120,17448,-15092,2
325690,-620,16700,-13692,2
325741,2188,13844,-11492,2
325792,1780,14824,-11396,2
325844,3600,16100,-10056,2
325895,2800,12416,-9796,2
325946,5292,11068,-8568,2
325997,5220,13572,-9020,2
326048,6156,13432,-7548,2
326100,5608,12200,-7040,2
326151,4004,10356,-6604,2
326202,5392,8100,-4248,2
326253,10612,8996,-1908,2
326304,9260,10184,-3492,2
326355,12072,7560,-3256,2
326406,11476,7816,-4284,2
326458,10212,10144,-3068,2
326509,11120,13072,-2764,2
326560,10792,12252,-3492,2
326611,12828,11892,-2344,2
326662,9812,11628,-4272,2
326714,10144,9940,-5196,2
326765,10688,10328,-5896,2
326816,10996,11732,-6352,2
326868,11704,11356,-5108,2
326919,11248,11620,-5848,2
326969,10812,10488,-4808,2
327020,11544,10856,-4712,2
327071,10056,10768,-4524,2
327122,10040,10344,-4672,2
327174,10308,11676,-5860,2
327225,11628,10808,-5112,2
327275,11532,10536,-5052,2
327329,10956,10092,-4852,2
327381,11432,10612,-4124,2
327432,11036,10796,-4072,2
327483,11040,11352,-4352,2
327534,10924,11296,-4052,2
327585,11240,11144,-3632,2
327636,11572,10868,-3512,2
327688,12380,11380,-3696,2
327739,13496,11844,-3376,2
327790,12228,11708,-4852,2
327842,12428,9664,-6328,2
327893,10616,7816,-7440,2
327944,10076,7056,-8352,2
327995,10116,7676,-7796,2
328046,10060,7812,-6900,2
328097,6732,5996,-6660,2
328148,4528,2056,-3920,2
328200,1892,-996,-3236,2
328251,996,-1280,-1832,2
328302,-704,-1020,-3136,2
328353,5168,3568,-6956,2
328404,3268,19512,-11024,2
328455,14924,22984,-16360,2
328507,8744,18188,-10308,2
328558,4668,32767,-20748,2
328609,25212,32767,-14880,2
328660,-1536,9464,-12212,2
328711,4788,12624,-10928,2
328763,2004,12732,-9852,2
328814,-168,14984,-7664,2
328865,3256,11956,-13560,2
328917,4020,13428,-10192,2
328968,-2108,14856,-7344,2
329019,3396,12956,-4524,2
329070,13984,4076,-13396,2
329121,7796,9648,-9476,2
329172,9704,5532,-9484,2
329224,21468,2996,-7148,2
329275,11300,5372,-10328,2
329329,13104,3612,-8368,2
329380,13816,3424,-8548,2
329432,13688,2484,-10012,2
329483,12636,3276,-9320,2
329534,13788,3512,-7980,2
329585,14128,2952,-7756,2
329636,13692,2584,-8704,2
329687,12876,896,-11940,2
329739,10744,2420,-12064,2
329790,13660,1956,-9984,2
329841,13336,2264,-9604,2
329893,12372,2028,-10976,2
329944,12868,1836,-10336,2
329995,13424,1664,-10340,2
330046,13160,1528,-10112,2
330097,12356,1316,-10384,2
330148,13404,1256,-9712,2
330199,13744,1140,-9688,2
330251,12656,1228,-10308,2
330302,13340,908,-9604,2
330353,12896,1056,-9592,2
330404,13280,1048,-9380,2
330455,13416,1076,-9464,2
330506,13164,776,-9660,2
330558,13904,748,-8680,2
330609,13632,1060,-9280,2
330660,14080,1120,-9032,2
330711,13996,852,-8724,2
330762,14492,920,-8324,2
330814,14284,768,-8440,2
330865,14224,996,-8560,2
330916,14312,880,-8316,2
330968,14288,864,-8164,2
331019,14020,820,-8500,2
331070,14368,876,-8400,2
331121,14388,820,-8140,2
331172,14072,824,-8304,2
331223,14332,836,-8152,2
331275,14556,844,-8044,2
331359,14500,864,-7908,2
331411,14088,768,-8128,2
331462,14500,688,-7840,2
331513,14388,804,-8028,2
331564,14528,736,-7808,2
331616,14592,756,-7800,2
331667,14360,816,-7924,2
331718,14564,616,-7500,2
331769,14380,856,-7904,2
331820,14880,844,-7532,2
331872,14776,716,-7156,2
331923,14424,976,-7552,2
331974,14580,808,-7512,2
332026,15924,612,-5816,2
332077,15684,652,-6292,2
332128,14572,672,-8084,2
332179,12808,992,-10772,2
332230,12964,1288,-11352,2
332281,12716,3100,-10220,2
332333,14276,3396,-9796,2
332384,13476,4956,-9556,2
332435,15484,5700,-8792,2
332486,13028,9200,-8756,2
332537,14128,20180,-11612,2
332589,10480,13648,-7388,2
332640,5328,11012,-7124,2
332691,6168,10904,-12116,2
332742,5060,8640,-11532,2
332793,6636,7872,-12084,2
332844,5448,6288,-13892,2
332896,6704,5976,-12780,2
332947,6596,5328,-11944,2
332998,4568,5436,-12524,2
333050,2792,6036,-11136,2
333101,-944,7860,-10576,2
333151,-3420,7352,-10636,2
333202,-3908,8332,-9776,2
333253,-5560,7468,-10516,2
333304,-5416,10252,-10248,2
333359,-4388,11220,-8876,2
333410,-2404,12464,-9508,2
333461,1312,15376,-8724,2
333512,-16,16996,-9948,2
333564,3304,20732,-9548,2
333615,2968,20628,-7952,2
333665,2828,21216,-6956,2
333716,2748,19524,-6440,2
333767,2824,19088,-6736,2
333818,4040,18740,-7432,2
333870,4468,17960,-7576,2
333921,2504,14396,-7012,2
333972,5368,15556,-8256,2
334023,3728,15112,-9136,2
334075,5504,15772,-8072,2
334126,4088,12020,-6948,2
334176,5148,11392,-5256,2
334227,6924,11752,-4596,2
334278,5388,11304,-5196,2
334329,5504,11204,-3752,2
334381,6384,10092,-3244,2
334432,7860,9508,-1264,2
334483,9856,10804,-796,2
334534,8928,12400,-1576,2
334585,8496,13004,-880,2
334636,10692,14932,-96,2
334688,10160,15456,-1584,2
334739,9448,12820,-3432,2
334790,9184,9684,-4528,2
334841,9724,8964,-5560,2
334892,10488,9408,-5792,2
334944,11384,9664,-6636,2
334995,11828,11192,-5616,2
335046,11540,10556,-5152,2
335098,9672,10040,-4748,2
335149,11044,10504,-5060,2
335199,10724,10296,-4892,2
335250,11844,10876,-5236,2
335301,11444,9868,-5552,2
335352,11456,10508,-5856,2
335407,12104,10716,-5376,2
335458,11340,10724,-5992,2
335509,12004,10168,-5684,2
335560,11916,9820,-5420,2
335612,11752,9484,-5632,2
335663,11428,10000,-6076,2
335714,10920,9288,-7060,2
335765,11148,8416,-7392,2
335816,10984,7312,-7460,2
335867,10144,5580,-7928,2
335919,8776,3504,-7076,2
335970,5716,872,-7696,2
336021,1996,-5676,-2276,2
336072,556,-3012,-2616,2
336124,4356,3308,-2396,2
336175,9560,19536,-2936,2
336226,5188,15908,-7348,2
336277,10036,18240,-10024,2
336328,4596,24384,-14048,2
336379,3940,26232,-13244,2
336431,16084,27724,-6540,2
336482,-7468,-7156,-32768,2
336533,10268,12704,-8348,2
336584,3600,14240,-4552,2
336635,1832,18028,-3640,2
336686,3292,12884,-6276,2
336738,3280,15900,-5940,2
336789,1236,16908,-692,2
336839,2420,16484,-536,2
336890,3028,16092,-948,2
336941,4024,15768,-2372,2
336993,4136,15852,-4620,2
337044,4680,15352,-3640,2
337095,2508,15316,-4524,2
337147,2124,16160,-932,2
337198,12688,8016,-9664,2
337248,10648,6828,-7556,2
337299,3384,-19048,-19852,2
337350,18084,11032,-6664,2
337404,10784,6632,-15580,2
337456,11728,4004,-11648,2
337507,17888,1456,3808,2
337558,17388,312,-5820,2
337609,17548,-220,-384,2
337661,15320,788,-5744,2
337712,16212,0,-3904,2
337763,14864,496,-5748,2
337814,16140,328,-3764,2
337865,15668,532,-4796,2
337917,16016,420,-4004,2
337968,15960,368,-4016,2
338019,16040,568,-4548,2
338070,16048,-56,-4240,2
338121,15524,204,-4840,2
338173,15932,160,-4068,2
338224,16000,136,-4444,2
338275,15812,-68,-4380,2
338326,15800,-268,-4156,2
338377,16152,-24,-4116,2
338428,15796,-208,-3840,2
338480,15828,356,-4356,2
338531,16080,0,-3784,2
338582,16088,136,-4188,2
338633,15764,-404,-3828,2
338684,16100,180,-4224,2
338735,15784,-296,-3780,2
338787,16040,96,-4392,2
338838,16116,-60,-3776,2
338888,15992,32,-4264,2
338939,16172,88,-4080,2
338990,15520,-444,-3888,2
339042,16092,188,-4240,2
339093,16024,-160,-3740,2
339144,15892,-16,-4112,2
339196,16216,136,-3936,2
339247,15600,-1188,-3588,2
339297,16116,232,-3952,2
339348,13968,-272,-3396,2
339399,16096,388,-3720,2
339453,15860,472,-4524,2
339536,16456,688,-3612,2
339587,15812,604,-5272,2
339639,14276,-416,-7892,2
339690,11864,596,-11104,2
339740,17556,1212,-6228,2
339791,15512,2524,-6840,2
339842,16728,3620,-5840,2
339893,16444,4568,-6760,2
339945,13968,8848,-5028,2
339996,9480,14996,-8284,2
340046,6880,13956,-11340,2
340097,8604,12224,-5448,2
340148,7216,7620,-6212,2
340199,11800,7252,-8008,2
340251,11664,7572,-8256,2
340302,9920,7760,-10712,2
340353,9928,8048,-12148,2
340404,11428,8088,-11568,2
340455,9608,9308,-12352,2
340506,9436,9076,-12400,2
340558,7252,8224,-12576,2
340609,6212,8948,-12448,2
340660,3964,8716,-12428,2
340711,836,8448,-12800,2
340762,-2328,7808,-12416,2
340813,-2592,6856,-11588,2
340865,-1808,6716,-11420,2
340916,-1156,7140,-10872,2
340967,-316,7416,-9264,2
341018,3044,12036,-9648,2
341069,3000,12400,-8444,2
341120,2668,14248,-8928,2
341171,1144,16332,-8500,2
341222,2296,17752,-8900,2
341274,1276,16772,-7084,2
341325,524,18644,-8236,2
341376,1096,21828,-6140,2
341427,3076,25076,-6240,2
341478,1020,23120,-7188,2
341532,-2656,18224,-6088,2
341584,-2104,16500,-7508,2
341635,-480,16060,-3888,2
341686,2128,15480,-5376,2
341737,5340,16016,-6156,2
341789,3076,17224,-5180,2
341840,-2356,12700,-7240,2
341891,288,10408,-4084,2
341942,3836,10660,-1204,2
341993,4352,13196,-1004,2
342044,1864,12724,204,2
342096,1008,13088,776,2
342147,3368,13216,764,2
342198,3944,14652,-1060,2
342249,1788,15636,-1460,2
342301,2444,16692,-1788,2
342352,1624,15080,-4464,2
342403,2040,15508,-5088,2
342454,4596,17464,-4260,2
342505,4440,17976,-3100,2
342556,4112,14640,-4896,2
342608,5700,8640,-2216,2
342659,5208,1960,-1212,2
342710,-1972,-4796,-2756,2
342761,-3420,-2808,-2624,2
342812,-7240,392,-1688,2
342863,-4016,13192,2904,2
342914,-9532,32232,-3468,2
342966,-11740,25968,-992,2
343017,-7764,26116,3588,2
343068,-5172,24012,-4148,2
343119,-5040,18340,-2196,2
343170,-3588,17196,-4020,2
343221,-13428,22452,-17204,2
343272,-9228,24084,-21480,2
343324,-13712,21240,-21532,2
343375,-1952,3596,-1396,2
343426,-1560,12392,-4284,2
343477,2664,9992,1692,2
343531,11216,13752,3768,2
343583,2612,16536,-3928,2
343633,6020,22196,-22900,2
343684,7004,9728,-8936,2
343735,15060,6720,-7864,2
343786,12076,9656,-7120,2
343838,9312,7668,-9368,2
343889,15480,6568,-8696,2
343940,13264,5876,-7932,2
343991,12432,5008,-7800,2
344042,14680,4768,-7228,2
344093,14904,2852,-7200,2
344145,16628,-136,-8668,2
344196,12816,1628,-10624,2
344247,9496,788,-10940,2
344298,18236,1128,-5184,2
344350,14700,456,-7656,2
344401,14640,896,-7972,2
344452,14360,632,-8088,2
344503,14080,840,-8316,2
344554,14492,736,-7596,2
344605,14692,940,-7816,2
344657,14460,840,-8016,2
344708,14672,552,-7520,2
344759,14548,548,-7496,2
344810,15368,896,-7072,2
344861,14716,536,-7540,2
344912,14700,684,-7432,2
344964,14564,772,-7644,2
345015,14796,456,-7332,2
345066,14828,376,-7356,2
345117,14512,640,-7576,2
345168,15076,604,-7276,2
345220,14832,492,-7340,2
345271,14864,528,-7164,2
345322,15032,592,-7200,2
345374,14860,156,-6988,2
345425,14636,328,-6896,2
345476,15008,544,-7096,2
345527,15288,428,-6952,2
345580,15220,272,-6832,2
345632,14744,292,-6856,2
345683,15064,560,-6892,2
345734,15092,476,-6812,2
345785,15140,368,-6904,2
345836,14952,300,-6900,2
345888,14976,436,-6832,2
345939,15124,364,-6728,2
345990,14892,244,-6668,2
346041,14820,352,-6656,2
346092,14932,536,-6812,2
346143,14980,180,-6704,2
346195,14552,-20,-6320,2
346246,15196,560,-6692,2
346297,14944,452,-6404,2
346348,15316,848,-6760,2
346400,15204,404,-7068,2
346451,14788,672,-9540,2
346501,12472,1144,-11440,2
346552,12384,1840,-8468,2
346603,14332,1900,-9580,2
346654,12892,3012,-9876,2
346706,14440,3128,-8956,2
346757,13900,4052,-8000,2
346807,13404,4292,-7796,2
346858,13608,5244,-8140,2
346909,13352,5132,-8028,2
346960,12980,5728,-7604,2
347012,12564,5160,-8176,2
347063,13368,5228,-8344,2
347113,13008,5460,-8240,2
347164,13108,5160,-8032,2
347215,13608,5132,-8084,2
347267,12836,4972,-7612,2
347318,13944,4896,-7980,2
347370,13944,4804,-7632,2
347421,14472,4124,-8076,2
347472,14056,4320,-8260,2
347523,13756,4288,-8064,2
347574,13780,4348,-7536,2
347658,13868,4136,-7736,2
347709,13916,4160,-7816,2
347760,13992,4232,-7952,2
347811,14104,3816,-7876,2
347863,13500,3872,-7840,2
347914,13872,3828,-7464,2
347964,14392,3716,-8024,2
348015,14232,3692,-7824,2
348066,13932,3728,-7828,2
348117,14052,3640,-7684,2
348169,14008,3480,-8108,2
348220,14028,3580,-8104,2
348270,14072,3692,-7752,2
348321,14260,3432,-7520,2
348372,13800,3440,-7904,2
348424,14204,3280,-8880,2
348475,14076,3932,-7428,2
348526,14080,3748,-6880,2
348577,14000,3908,-7684,2
348628,13796,3612,-8472,2
348679,13836,3464,-8604,2
348730,14136,3632,-7516,2
348782,14000,3680,-7436,2
348833,13852,3600,-8240,2
348884,14168,3556,-8052,2
348935,13956,3588,-7868,2
348986,13964,3576,-7660,2
349037,13744,3600,-7932,2
349089,14268,3388,-8176,2
349140,14060,3384,-8240,2
349191,14164,3252,-7816,2
349242,14052,3408,-7624,2
349293,14128,3248,-7856,2
349345,13808,3204,-8016,2
349396,14160,2884,-8000,2
349448,13712,3136,-7656,2
349499,14388,2632,-7928,2
349550,13720,2688,-8844,2
349601,13908,2376,-8408,2
349654,14076,2568,-8140,2
349706,14736,1828,-8344,2
349756,13852,2056,-9248,2
349807,14444,1992,-8280,2
349858,14028,1924,-8044,2
349909,13788,1864,-8772,2
349961,13844,1444,-8336,2
350012,13620,2008,-8568,2
350062,14172,988,-8708,2
350113,14160,1236,-7984,2
350164,14308,1232,-8564,2
350215,14880,1068,-8184,2
350267,14156,836,-8412,2
350318,14324,1048,-8376,2
350369,14444,924,-7988,2
350420,14636,948,-7756,2
350471,14672,616,-7400,2
350523,14000,868,-8352,2
350574,14884,840,-7912,2

